l2id,occasion,time,y,group
1,0,0,7.906506137,1
1,1,1,5.102395277,1
1,2,2,3.5941198,1
1,3,3,2.280018261,1
1,4,4,NA,1
2,0,0,6.726532008,0
2,1,1,6.720652231,0
2,2,2,5.983592572,0
2,3,3,6.16646701,0
2,4,4,5.17978393,0
3,0,0,NA,0
3,1,1,NA,0
3,2,2,4.640717158,0
3,3,3,NA,0
3,4,4,3.123885759,0
4,0,0,8.103498628,0
4,1,1,8.000214835,0
4,2,2,6.569825204,0
4,3,3,NA,0
4,4,4,5.250614996,0
5,0,0,6.776559862,1
5,1,1,6.338741438,1
5,2,2,4.984147763,1
5,3,3,4.560569838,1
5,4,4,3.050277343,1
6,0,0,6.165492703,1
6,1,1,4.521301043,1
6,2,2,2.293803117,1
6,3,3,0.398800398,1
6,4,4,NA,1
7,0,0,7.850119371,1
7,1,1,NA,1
7,2,2,5.790706192,1
7,3,3,3.957144871,1
7,4,4,NA,1
8,0,0,6.884973461,1
8,1,1,4.146082683,1
8,2,2,4.672241094,1
8,3,3,1.128737496,1
8,4,4,NA,1
9,0,0,5.815795147,1
9,1,1,5.831376465,1
9,2,2,4.179578812,1
9,3,3,1.056504694,1
9,4,4,NA,1
10,0,0,7.220579398,0
10,1,1,7.735473873,0
10,2,2,3.699185654,0
10,3,3,5.841152993,0
10,4,4,2.648839053,0
11,0,0,6.463884247,1
11,1,1,4.879049113,1
11,2,2,NA,1
11,3,3,NA,1
11,4,4,-0.568961383,1
12,0,0,7.015670189,1
12,1,1,4.791396772,1
12,2,2,NA,1
12,3,3,NA,1
12,4,4,NA,1
13,0,0,6.52401281,1
13,1,1,4.821134142,1
13,2,2,3.678108765,1
13,3,3,3.384620447,1
13,4,4,4.404544509,1
14,0,0,7.160727669,1
14,1,1,5.520318577,1
14,2,2,5.919372701,1
14,3,3,3.369458508,1
14,4,4,4.469913455,1
15,0,0,5.978152429,1
15,1,1,4.34222416,1
15,2,2,3.970991852,1
15,3,3,4.44518948,1
15,4,4,2.316677654,1
16,0,0,6.759484879,1
16,1,1,7.337728161,1
16,2,2,5.140003253,1
16,3,3,5.097181739,1
16,4,4,4.289356899,1
17,0,0,9.129558096,1
17,1,1,5.135821522,1
17,2,2,NA,1
17,3,3,NA,1
17,4,4,5.6377642,1
18,0,0,6.834514698,1
18,1,1,4.009302429,1
18,2,2,5.506170699,1
18,3,3,4.720592745,1
18,4,4,NA,1
19,0,0,5.577446874,1
19,1,1,6.501601015,1
19,2,2,3.708913335,1
19,3,3,4.693237511,1
19,4,4,0.718665415,1
20,0,0,7.269028874,0
20,1,1,5.288501934,0
20,2,2,6.595248318,0
20,3,3,5.355342301,0
20,4,4,5.626952903,0
21,0,0,5.450531288,1
21,1,1,4.412742007,1
21,2,2,3.688722434,1
21,3,3,1.733852366,1
21,4,4,1.632099891,1
22,0,0,5.300809706,1
22,1,1,5.864648095,1
22,2,2,3.384564714,1
22,3,3,3.72101854,1
22,4,4,0.827694928,1
23,0,0,5.914675216,0
23,1,1,5.360503756,0
23,2,2,4.844756152,0
23,3,3,4.367649564,0
23,4,4,4.573354871,0
24,0,0,7.164923855,1
24,1,1,6.499858306,1
24,2,2,3.648193567,1
24,3,3,NA,1
24,4,4,NA,1
25,0,0,5.232408811,1
25,1,1,4.966646268,1
25,2,2,5.32534308,1
25,3,3,4.219356486,1
25,4,4,4.412333225,1
26,0,0,8.747332748,1
26,1,1,5.627711261,1
26,2,2,5.500083784,1
26,3,3,NA,1
26,4,4,NA,1
27,0,0,NA,1
27,1,1,5.401809381,1
27,2,2,3.568563598,1
27,3,3,2.633333038,1
27,4,4,1.046456809,1
28,0,0,5.734698158,1
28,1,1,3.859008788,1
28,2,2,NA,1
28,3,3,NA,1
28,4,4,2.070855165,1
29,0,0,6.953140613,1
29,1,1,4.704011636,1
29,2,2,4.937604518,1
29,3,3,3.207866819,1
29,4,4,NA,1
30,0,0,7.064845275,1
30,1,1,5.32428183,1
30,2,2,3.728482832,1
30,3,3,3.930055108,1
30,4,4,NA,1
31,0,0,6.925962485,0
31,1,1,4.961611726,0
31,2,2,3.833684593,0
31,3,3,3.760781859,0
31,4,4,1.437480428,0
32,0,0,6.091823309,1
32,1,1,2.985707027,1
32,2,2,2.603940594,1
32,3,3,2.116281067,1
32,4,4,0.121200308,1
33,0,0,6.43494468,1
33,1,1,4.681767069,1
33,2,2,4.331361798,1
33,3,3,2.695509704,1
33,4,4,1.209344167,1
34,0,0,6.006106935,1
34,1,1,5.097013842,1
34,2,2,3.973691739,1
34,3,3,2.082361306,1
34,4,4,0.687709933,1
35,0,0,5.46763654,1
35,1,1,4.620737286,1
35,2,2,3.82142066,1
35,3,3,4.124320703,1
35,4,4,1.9226068,1
36,0,0,7.085810344,1
36,1,1,2.860329988,1
36,2,2,3.661253996,1
36,3,3,3.667442523,1
36,4,4,0.576305373,1
37,0,0,7.294367626,0
37,1,1,6.897523677,0
37,2,2,5.626039815,0
37,3,3,3.569984364,0
37,4,4,4.667802513,0
38,0,0,5.80609061,0
38,1,1,5.83358388,0
38,2,2,5.866814542,0
38,3,3,4.986282983,0
38,4,4,5.681157442,0
39,0,0,6.751065846,1
39,1,1,2.723835828,1
39,2,2,1.411018294,1
39,3,3,-0.22383712,1
39,4,4,-0.951949988,1
40,0,0,NA,1
40,1,1,6.372207322,1
40,2,2,5.272397233,1
40,3,3,3.387444778,1
40,4,4,3.411067356,1
41,0,0,7.374032433,0
41,1,1,6.4270833,0
41,2,2,8.196540262,0
41,3,3,6.409322423,0
41,4,4,6.938888563,0
42,0,0,5.912339995,1
42,1,1,3.76492741,1
42,2,2,2.836779163,1
42,3,3,0.731995249,1
42,4,4,0.913171601,1
43,0,0,6.432504184,0
43,1,1,6.992290991,0
43,2,2,7.022146545,0
43,3,3,6.199613799,0
43,4,4,6.723488687,0
44,0,0,6.088060344,0
44,1,1,4.768094833,0
44,2,2,2.930145036,0
44,3,3,2.731516053,0
44,4,4,2.90642896,0
45,0,0,NA,1
45,1,1,4.923333939,1
45,2,2,1.209472218,1
45,3,3,-0.440452301,1
45,4,4,-0.970513882,1
46,0,0,8.059365654,1
46,1,1,5.432307918,1
46,2,2,3.418424976,1
46,3,3,2.645520071,1
46,4,4,0.352291188,1
47,0,0,6.851493486,1
47,1,1,4.987245898,1
47,2,2,NA,1
47,3,3,2.987827427,1
47,4,4,1.984220046,1
48,0,0,7.980708499,1
48,1,1,5.902491794,1
48,2,2,5.24395083,1
48,3,3,4.497719577,1
48,4,4,3.762539652,1
49,0,0,6.822192452,1
49,1,1,4.799519844,1
49,2,2,3.07048952,1
49,3,3,2.860370608,1
49,4,4,1.908926669,1
50,0,0,4.574344612,1
50,1,1,3.972527009,1
50,2,2,1.808677994,1
50,3,3,1.368702438,1
50,4,4,1.492270904,1
51,0,0,6.874896862,0
51,1,1,5.036113395,0
51,2,2,3.598008709,0
51,3,3,2.434449625,0
51,4,4,2.360386479,0
52,0,0,6.604615507,0
52,1,1,5.954426358,0
52,2,2,5.114604237,0
52,3,3,3.517215505,0
52,4,4,4.839875852,0
53,0,0,6.58802382,1
53,1,1,5.636360207,1
53,2,2,6.501687698,1
53,3,3,3.527912464,1
53,4,4,3.156221575,1
54,0,0,7.038156996,1
54,1,1,5.997857775,1
54,2,2,2.16548855,1
54,3,3,1.200594374,1
54,4,4,0.814827365,1
55,0,0,7.529419546,1
55,1,1,7.831597754,1
55,2,2,6.42573308,1
55,3,3,4.885499342,1
55,4,4,3.768521016,1
56,0,0,6.606161591,1
56,1,1,4.402387293,1
56,2,2,4.424285958,1
56,3,3,0.842167131,1
56,4,4,-0.008020821,1
57,0,0,5.509687623,1
57,1,1,5.181898003,1
57,2,2,5.608733846,1
57,3,3,4.111172678,1
57,4,4,3.026690505,1
58,0,0,6.98642982,1
58,1,1,NA,1
58,2,2,2.342304894,1
58,3,3,1.223845809,1
58,4,4,NA,1
59,0,0,6.526413493,1
59,1,1,5.331680881,1
59,2,2,2.832990368,1
59,3,3,NA,1
59,4,4,NA,1
60,0,0,NA,1
60,1,1,6.495872631,1
60,2,2,NA,1
60,3,3,NA,1
60,4,4,NA,1
61,0,0,5.834342127,0
61,1,1,4.70561655,0
61,2,2,4.262543404,0
61,3,3,2.258442949,0
61,4,4,0.961566987,0
62,0,0,6.601971846,1
62,1,1,5.652087763,1
62,2,2,3.334284476,1
62,3,3,3.630537052,1
62,4,4,2.423820198,1
63,0,0,6.141627378,0
63,1,1,7.800043958,0
63,2,2,5.937309886,0
63,3,3,6.685841109,0
63,4,4,7.35282205,0
64,0,0,6.05684019,0
64,1,1,7.049004832,0
64,2,2,6.888771494,0
64,3,3,6.542835019,0
64,4,4,7.912615609,0
65,0,0,4.355011893,0
65,1,1,4.683009725,0
65,2,2,4.589885806,0
65,3,3,2.753748898,0
65,4,4,4.874201413,0
66,0,0,6.522019209,1
66,1,1,NA,1
66,2,2,NA,1
66,3,3,NA,1
66,4,4,4.100511611,1
67,0,0,5.570476814,0
67,1,1,4.971945931,0
67,2,2,4.062155405,0
67,3,3,3.586588953,0
67,4,4,4.90004779,0
68,0,0,NA,1
68,1,1,6.606921213,1
68,2,2,5.992627858,1
68,3,3,4.554455196,1
68,4,4,3.998769834,1
69,0,0,6.938907853,1
69,1,1,5.788026768,1
69,2,2,5.963625276,1
69,3,3,4.922293365,1
69,4,4,4.032113461,1
70,0,0,5.45427875,0
70,1,1,3.802896991,0
70,2,2,3.559652988,0
70,3,3,5.102456602,0
70,4,4,3.835148366,0
71,0,0,9.218334135,1
71,1,1,6.935020022,1
71,2,2,5.044144573,1
71,3,3,3.648323121,1
71,4,4,2.370168931,1
72,0,0,5.531361334,1
72,1,1,3.465734396,1
72,2,2,-0.029841592,1
72,3,3,NA,1
72,4,4,-2.570858334,1
73,0,0,5.662480121,1
73,1,1,4.11855769,1
73,2,2,0.388609168,1
73,3,3,0.141567188,1
73,4,4,-2.655346446,1
74,0,0,6.779060621,1
74,1,1,4.490038503,1
74,2,2,4.687882743,1
74,3,3,3.555114763,1
74,4,4,1.7252696,1
75,0,0,6.155258578,1
75,1,1,6.464411853,1
75,2,2,4.192917223,1
75,3,3,3.989402074,1
75,4,4,3.423470524,1
76,0,0,6.212807268,1
76,1,1,3.94087093,1
76,2,2,4.542015808,1
76,3,3,1.917622762,1
76,4,4,2.200071639,1
77,0,0,6.179050089,0
77,1,1,4.999832667,0
77,2,2,7.108039101,0
77,3,3,5.738557037,0
77,4,4,4.551205753,0
78,0,0,4.73303731,1
78,1,1,4.329900584,1
78,2,2,3.346850415,1
78,3,3,1.49714955,1
78,4,4,-0.190272731,1
79,0,0,7.878370958,1
79,1,1,5.901889737,1
79,2,2,5.120357641,1
79,3,3,NA,1
79,4,4,NA,1
80,0,0,6.989722325,1
80,1,1,4.045278563,1
80,2,2,NA,1
80,3,3,NA,1
80,4,4,NA,1
81,0,0,NA,0
81,1,1,6.214909944,0
81,2,2,4.29926942,0
81,3,3,2.833841786,0
81,4,4,2.034144804,0
82,0,0,8.430083686,1
82,1,1,5.907813094,1
82,2,2,2.362217208,1
82,3,3,3.222599696,1
82,4,4,1.934722731,1
83,0,0,7.792961338,1
83,1,1,5.248699563,1
83,2,2,NA,1
83,3,3,NA,1
83,4,4,5.107266846,1
84,0,0,5.318195752,1
84,1,1,5.504365868,1
84,2,2,6.870283383,1
84,3,3,3.010657041,1
84,4,4,NA,1
85,0,0,6.543041737,1
85,1,1,4.181122152,1
85,2,2,2.727106059,1
85,3,3,1.779098474,1
85,4,4,1.400729957,1
86,0,0,5.175494021,1
86,1,1,4.092599394,1
86,2,2,4.035911406,1
86,3,3,2.118217067,1
86,4,4,0.191358919,1
87,0,0,6.375482955,0
87,1,1,7.588195655,0
87,2,2,3.090521101,0
87,3,3,6.024449269,0
87,4,4,5.245516177,0
88,0,0,8.049487636,1
88,1,1,NA,1
88,2,2,2.68908458,1
88,3,3,NA,1
88,4,4,NA,1
89,0,0,6.174192661,0
89,1,1,5.593570734,0
89,2,2,4.608148827,0
89,3,3,5.67187341,0
89,4,4,2.232321075,0
90,0,0,5.738314242,1
90,1,1,2.902076587,1
90,2,2,NA,1
90,3,3,2.040266336,1
90,4,4,2.3289117,1
91,0,0,7.207326831,0
91,1,1,4.505382837,0
91,2,2,4.442703858,0
91,3,3,4.38437274,0
91,4,4,3.858666355,0
92,0,0,7.254148952,0
92,1,1,5.609535386,0
92,2,2,4.864394271,0
92,3,3,4.705386606,0
92,4,4,NA,0
93,0,0,5.714489077,1
93,1,1,3.375043949,1
93,2,2,2.20916673,1
93,3,3,1.565927907,1
93,4,4,-0.78376107,1
94,0,0,5.657524168,1
94,1,1,4.723392799,1
94,2,2,3.422286183,1
94,3,3,1.3979676,1
94,4,4,2.167088092,1
95,0,0,6.068668415,1
95,1,1,5.452324651,1
95,2,2,4.185667673,1
95,3,3,4.049925756,1
95,4,4,3.004493595,1
96,0,0,8.166525961,1
96,1,1,7.059818052,1
96,2,2,5.54641971,1
96,3,3,4.216732945,1
96,4,4,NA,1
97,0,0,6.761317864,1
97,1,1,5.799972649,1
97,2,2,3.880588492,1
97,3,3,4.854216722,1
97,4,4,3.936265228,1
98,0,0,4.594827988,1
98,1,1,4.874777998,1
98,2,2,3.432763529,1
98,3,3,1.753780792,1
98,4,4,1.417661531,1
99,0,0,5.959346841,1
99,1,1,4.017495151,1
99,2,2,3.251018583,1
99,3,3,2.057537605,1
99,4,4,1.087003407,1
100,0,0,6.512804952,1
100,1,1,4.758633443,1
100,2,2,3.132413406,1
100,3,3,2.856865824,1
100,4,4,1.922141414,1
101,0,0,6.761110054,1
101,1,1,5.640068042,1
101,2,2,3.766136657,1
101,3,3,4.021062065,1
101,4,4,1.816428802,1
102,0,0,6.477693328,1
102,1,1,4.322646944,1
102,2,2,4.519013708,1
102,3,3,1.961714256,1
102,4,4,0.71640956,1
103,0,0,5.989324259,0
103,1,1,4.893694919,0
103,2,2,5.148163189,0
103,3,3,2.556829314,0
103,4,4,3.481279661,0
104,0,0,8.788483611,1
104,1,1,5.748897043,1
104,2,2,5.147875206,1
104,3,3,NA,1
104,4,4,4.729027206,1
105,0,0,7.318483767,1
105,1,1,3.796778177,1
105,2,2,4.5603768,1
105,3,3,2.430436532,1
105,4,4,0.18032374,1
106,0,0,5.81683742,0
106,1,1,4.820306115,0
106,2,2,4.17113071,0
106,3,3,4.650449229,0
106,4,4,5.123291722,0
107,0,0,6.130501008,1
107,1,1,4.949355911,1
107,2,2,3.358010027,1
107,3,3,3.360058674,1
107,4,4,3.414113864,1
108,0,0,6.269088344,0
108,1,1,5.251545218,0
108,2,2,4.501078221,0
108,3,3,3.60864543,0
108,4,4,2.689376038,0
109,0,0,NA,1
109,1,1,NA,1
109,2,2,NA,1
109,3,3,NA,1
109,4,4,NA,1
110,0,0,6.314390247,1
110,1,1,NA,1
110,2,2,4.354922049,1
110,3,3,1.976907671,1
110,4,4,1.624958152,1
111,0,0,6.045775501,1
111,1,1,2.091790052,1
111,2,2,1.392830139,1
111,3,3,-0.838020126,1
111,4,4,-1.410180528,1
112,0,0,5.32386087,1
112,1,1,5.885504471,1
112,2,2,4.177156442,1
112,3,3,1.803350873,1
112,4,4,1.083615605,1
113,0,0,6.245182087,0
113,1,1,6.320276451,0
113,2,2,5.533758115,0
113,3,3,4.925238882,0
113,4,4,NA,0
114,0,0,3.900999544,1
114,1,1,2.525776605,1
114,2,2,2.171761919,1
114,3,3,0.405453036,1
114,4,4,-1.586398057,1
115,0,0,4.349967244,0
115,1,1,5.129022333,0
115,2,2,4.340551663,0
115,3,3,2.771622034,0
115,4,4,2.13905138,0
116,0,0,6.04454977,0
116,1,1,4.159545668,0
116,2,2,5.482444131,0
116,3,3,4.075452763,0
116,4,4,3.175006963,0
117,0,0,5.67292534,0
117,1,1,5.008288489,0
117,2,2,4.261392335,0
117,3,3,1.248699107,0
117,4,4,3.604154764,0
118,0,0,5.680173086,1
118,1,1,4.634988561,1
118,2,2,1.162537334,1
118,3,3,NA,1
118,4,4,NA,1
119,0,0,7.156428062,1
119,1,1,4.736851367,1
119,2,2,2.83080967,1
119,3,3,0.056368009,1
119,4,4,-0.282543664,1
120,0,0,7.6234148,1
120,1,1,6.133331278,1
120,2,2,5.613246638,1
120,3,3,3.929694264,1
120,4,4,4.055590347,1
121,0,0,4.408487176,1
121,1,1,NA,1
121,2,2,1.975504751,1
121,3,3,2.824751763,1
121,4,4,0.693493263,1
122,0,0,7.036560526,1
122,1,1,5.371092773,1
122,2,2,3.840585584,1
122,3,3,3.499376008,1
122,4,4,3.239331194,1
123,0,0,6.541369727,1
123,1,1,2.728930095,1
123,2,2,2.784481975,1
123,3,3,0.103069914,1
123,4,4,-0.685079084,1
124,0,0,NA,1
124,1,1,5.445485992,1
124,2,2,4.867068104,1
124,3,3,3.72048668,1
124,4,4,NA,1
125,0,0,6.805655412,1
125,1,1,5.991662637,1
125,2,2,5.367896381,1
125,3,3,NA,1
125,4,4,2.408038282,1
126,0,0,6.501133995,0
126,1,1,4.824280124,0
126,2,2,6.181957155,0
126,3,3,4.749131684,0
126,4,4,3.914992339,0
127,0,0,5.997264051,0
127,1,1,6.125006412,0
127,2,2,5.89982742,0
127,3,3,5.772085289,0
127,4,4,5.39258732,0
128,0,0,7.576249304,1
128,1,1,5.358225281,1
128,2,2,NA,1
128,3,3,NA,1
128,4,4,NA,1
129,0,0,6.988698232,1
129,1,1,5.109309252,1
129,2,2,2.258613254,1
129,3,3,3.10801342,1
129,4,4,1.810562725,1
130,0,0,5.81026114,0
130,1,1,5.124017166,0
130,2,2,4.402838631,0
130,3,3,4.535066888,0
130,4,4,2.29843445,0
131,0,0,4.945070955,1
131,1,1,3.84189285,1
131,2,2,3.552192377,1
131,3,3,3.334276045,1
131,4,4,-0.09612615,1
132,0,0,5.813209225,1
132,1,1,4.329972525,1
132,2,2,4.594159442,1
132,3,3,1.886996777,1
132,4,4,NA,1
133,0,0,7.118449595,0
133,1,1,4.467328435,0
133,2,2,4.584988432,0
133,3,3,4.583836383,0
133,4,4,4.011782492,0
134,0,0,6.351946229,1
134,1,1,6.484240584,1
134,2,2,4.253500918,1
134,3,3,NA,1
134,4,4,4.671110811,1
135,0,0,7.851024046,0
135,1,1,6.728461752,0
135,2,2,7.506109594,0
135,3,3,6.471771733,0
135,4,4,7.182866753,0
136,0,0,7.606213123,0
136,1,1,6.381890014,0
136,2,2,4.847096737,0
136,3,3,6.292478129,0
136,4,4,5.609402286,0
137,0,0,6.191356929,1
137,1,1,5.036397648,1
137,2,2,3.723358682,1
137,3,3,5.504331817,1
137,4,4,4.60441148,1
138,0,0,6.34314326,1
138,1,1,5.219054366,1
138,2,2,3.409600576,1
138,3,3,3.920619488,1
138,4,4,2.528803153,1
139,0,0,6.38370831,1
139,1,1,3.760841816,1
139,2,2,1.788427549,1
139,3,3,0.323649406,1
139,4,4,-0.175096628,1
140,0,0,5.865512919,0
140,1,1,NA,0
140,2,2,5.342230942,0
140,3,3,6.373278312,0
140,4,4,5.295359169,0
141,0,0,7.658680117,1
141,1,1,3.243311531,1
141,2,2,NA,1
141,3,3,NA,1
141,4,4,NA,1
142,0,0,6.024881804,1
142,1,1,NA,1
142,2,2,3.620158166,1
142,3,3,3.586621398,1
142,4,4,3.684184918,1
143,0,0,5.924418597,1
143,1,1,5.631799328,1
143,2,2,4.440020185,1
143,3,3,2.354355234,1
143,4,4,1.527741237,1
144,0,0,7.625282572,1
144,1,1,7.44730061,1
144,2,2,6.56203921,1
144,3,3,6.055407801,1
144,4,4,NA,1
145,0,0,6.25875421,1
145,1,1,NA,1
145,2,2,NA,1
145,3,3,NA,1
145,4,4,0.161524148,1
146,0,0,NA,0
146,1,1,5.928611056,0
146,2,2,7.131421185,0
146,3,3,7.308378972,0
146,4,4,5.154041961,0
147,0,0,5.574953056,0
147,1,1,4.783548258,0
147,2,2,1.701699759,0
147,3,3,4.540592548,0
147,4,4,1.403302586,0
148,0,0,8.005862096,1
148,1,1,5.342827105,1
148,2,2,NA,1
148,3,3,4.808051726,1
148,4,4,4.422972412,1
149,0,0,6.958214161,0
149,1,1,5.206639306,0
149,2,2,5.438645041,0
149,3,3,5.009795025,0
149,4,4,6.365410257,0
150,0,0,6.231324609,1
150,1,1,6.359113488,1
150,2,2,2.344848009,1
150,3,3,0.580990875,1
150,4,4,-0.241800947,1
151,0,0,7.268614931,0
151,1,1,3.862663254,0
151,2,2,4.589217674,0
151,3,3,4.656365628,0
151,4,4,3.837373436,0
152,0,0,6.297907891,1
152,1,1,4.091669988,1
152,2,2,4.047587478,1
152,3,3,2.242653475,1
152,4,4,NA,1
153,0,0,6.310458426,0
153,1,1,4.699498554,0
153,2,2,4.98924033,0
153,3,3,3.884905806,0
153,4,4,4.155893491,0
154,0,0,7.082498512,1
154,1,1,4.634158472,1
154,2,2,3.70973432,1
154,3,3,4.49159834,1
154,4,4,NA,1
155,0,0,5.299705414,1
155,1,1,4.376033052,1
155,2,2,3.066429796,1
155,3,3,1.803516941,1
155,4,4,0.8219658,1
156,0,0,7.234700236,0
156,1,1,5.260607054,0
156,2,2,6.01788488,0
156,3,3,5.597977107,0
156,4,4,4.882675847,0
157,0,0,6.764835289,1
157,1,1,7.549994162,1
157,2,2,4.349457667,1
157,3,3,5.277046518,1
157,4,4,3.248495249,1
158,0,0,5.473752337,1
158,1,1,4.407735822,1
158,2,2,2.973919432,1
158,3,3,2.159453902,1
158,4,4,1.959563593,1
159,0,0,8.318437895,0
159,1,1,5.348155651,0
159,2,2,5.051076655,0
159,3,3,NA,0
159,4,4,3.526192824,0
160,0,0,5.620979983,1
160,1,1,5.903310567,1
160,2,2,3.279046212,1
160,3,3,NA,1
160,4,4,3.217479208,1
161,0,0,5.865277194,1
161,1,1,4.074247214,1
161,2,2,2.408719573,1
161,3,3,NA,1
161,4,4,NA,1
162,0,0,6.959560138,1
162,1,1,4.873200659,1
162,2,2,4.241931815,1
162,3,3,2.624905319,1
162,4,4,NA,1
163,0,0,7.115647953,0
163,1,1,4.749227719,0
163,2,2,2.76398524,0
163,3,3,1.319889494,0
163,4,4,2.323471656,0
164,0,0,5.704699724,0
164,1,1,5.094581677,0
164,2,2,3.696882391,0
164,3,3,3.216822606,0
164,4,4,4.51884757,0
165,0,0,7.300314722,1
165,1,1,7.071944401,1
165,2,2,3.777077253,1
165,3,3,2.089684383,1
165,4,4,2.929516134,1
166,0,0,NA,1
166,1,1,2.800174012,1
166,2,2,0.894731443,1
166,3,3,NA,1
166,4,4,NA,1
167,0,0,6.189325047,0
167,1,1,6.52482862,0
167,2,2,6.555968982,0
167,3,3,4.545518955,0
167,4,4,NA,0
168,0,0,7.946081282,1
168,1,1,5.823899776,1
168,2,2,5.419253438,1
168,3,3,3.493763727,1
168,4,4,2.835187045,1
169,0,0,6.384153373,0
169,1,1,5.220732058,0
169,2,2,6.439913712,0
169,3,3,2.937273935,0
169,4,4,4.60542068,0
170,0,0,6.256044182,1
170,1,1,5.072747155,1
170,2,2,3.797102952,1
170,3,3,3.661719286,1
170,4,4,1.043748605,1
171,0,0,4.477559346,0
171,1,1,5.305432744,0
171,2,2,4.887437103,0
171,3,3,2.878649262,0
171,4,4,3.210027585,0
172,0,0,5.945493343,1
172,1,1,5.682431744,1
172,2,2,3.049825387,1
172,3,3,3.23370429,1
172,4,4,0.917731277,1
173,0,0,5.775377052,1
173,1,1,NA,1
173,2,2,1.973335681,1
173,3,3,-0.017210622,1
173,4,4,0.874413833,1
174,0,0,7.61142816,1
174,1,1,6.186334849,1
174,2,2,6.509368822,1
174,3,3,5.413662459,1
174,4,4,4.110941001,1
175,0,0,6.061523125,1
175,1,1,4.590821379,1
175,2,2,2.511292862,1
175,3,3,NA,1
175,4,4,1.329189395,1
176,0,0,6.207455649,1
176,1,1,7.668152916,1
176,2,2,4.463237106,1
176,3,3,3.401727064,1
176,4,4,3.668287057,1
177,0,0,7.212479433,1
177,1,1,5.841266373,1
177,2,2,2.896571467,1
177,3,3,0.769348232,1
177,4,4,0.264643019,1
178,0,0,6.229779141,0
178,1,1,4.971356684,0
178,2,2,5.018193869,0
178,3,3,4.607094014,0
178,4,4,3.982041827,0
179,0,0,5.669861227,0
179,1,1,4.324648754,0
179,2,2,6.161611455,0
179,3,3,6.121157792,0
179,4,4,4.850762503,0
180,0,0,5.841199973,0
180,1,1,5.257766257,0
180,2,2,6.578705689,0
180,3,3,4.553822334,0
180,4,4,NA,0
181,0,0,5.106223611,1
181,1,1,NA,1
181,2,2,3.22273056,1
181,3,3,NA,1
181,4,4,NA,1
182,0,0,NA,1
182,1,1,NA,1
182,2,2,5.064689586,1
182,3,3,3.310216454,1
182,4,4,NA,1
183,0,0,6.610307391,1
183,1,1,4.365551126,1
183,2,2,3.693855883,1
183,3,3,2.13411271,1
183,4,4,-0.892079646,1
184,0,0,7.653229211,1
184,1,1,6.288786992,1
184,2,2,6.403084818,1
184,3,3,5.321764408,1
184,4,4,NA,1
185,0,0,6.247478293,0
185,1,1,5.200817743,0
185,2,2,4.098942837,0
185,3,3,3.061607997,0
185,4,4,4.015994349,0
186,0,0,6.782229201,0
186,1,1,4.420936837,0
186,2,2,4.696014191,0
186,3,3,3.431450031,0
186,4,4,4.276730268,0
187,0,0,6.311702239,1
187,1,1,4.961296893,1
187,2,2,NA,1
187,3,3,6.274161684,1
187,4,4,5.759759978,1
188,0,0,6.18780158,0
188,1,1,NA,0
188,2,2,NA,0
188,3,3,6.16388361,0
188,4,4,5.752106004,0
189,0,0,6.923843936,1
189,1,1,5.66405313,1
189,2,2,5.630482452,1
189,3,3,4.068796696,1
189,4,4,NA,1
190,0,0,6.269620303,1
190,1,1,6.626709277,1
190,2,2,5.753808682,1
190,3,3,3.776997011,1
190,4,4,5.476164302,1
191,0,0,5.270437047,0
191,1,1,4.199417149,0
191,2,2,4.392589271,0
191,3,3,3.851028775,0
191,4,4,3.712443093,0
192,0,0,6.777741769,0
192,1,1,6.885840197,0
192,2,2,6.082493639,0
192,3,3,5.910681498,0
192,4,4,6.162544902,0
193,0,0,7.540825619,1
193,1,1,8.454531236,1
193,2,2,5.008970057,1
193,3,3,3.037231292,1
193,4,4,NA,1
194,0,0,7.195654999,1
194,1,1,4.690071739,1
194,2,2,3.796924055,1
194,3,3,NA,1
194,4,4,-0.206083185,1
195,0,0,6.901801285,0
195,1,1,7.136951831,0
195,2,2,7.006651045,0
195,3,3,6.149739735,0
195,4,4,7.225048165,0
196,0,0,7.065291292,1
196,1,1,6.14306976,1
196,2,2,4.218793629,1
196,3,3,1.672486576,1
196,4,4,1.317378588,1
197,0,0,5.67904685,1
197,1,1,6.177405914,1
197,2,2,4.690899393,1
197,3,3,2.999886188,1
197,4,4,0.5171554,1
198,0,0,4.706539642,0
198,1,1,NA,0
198,2,2,4.436804689,0
198,3,3,4.781550281,0
198,4,4,NA,0
199,0,0,4.802434701,1
199,1,1,4.02502785,1
199,2,2,0.996618482,1
199,3,3,1.452799385,1
199,4,4,1.759282037,1
200,0,0,8.185740333,1
200,1,1,6.655658652,1
200,2,2,4.774574656,1
200,3,3,3.494134407,1
200,4,4,NA,1
201,0,0,6.365205909,1
201,1,1,4.412379581,1
201,2,2,NA,1
201,3,3,1.92475996,1
201,4,4,2.348186809,1
202,0,0,4.484488814,0
202,1,1,5.174835369,0
202,2,2,3.169832202,0
202,3,3,3.316369684,0
202,4,4,4.935727287,0
203,0,0,6.374955353,1
203,1,1,5.65234059,1
203,2,2,2.389180865,1
203,3,3,NA,1
203,4,4,-0.112534214,1
204,0,0,6.024965952,1
204,1,1,NA,1
204,2,2,5.972198853,1
204,3,3,5.089472326,1
204,4,4,5.839134418,1
205,0,0,NA,1
205,1,1,5.174873685,1
205,2,2,5.286889931,1
205,3,3,1.141468025,1
205,4,4,-0.567615875,1
206,0,0,5.63140989,0
206,1,1,7.093169972,0
206,2,2,5.695046421,0
206,3,3,4.887885347,0
206,4,4,5.636346687,0
207,0,0,6.336389132,1
207,1,1,5.300518552,1
207,2,2,4.874158953,1
207,3,3,4.324111231,1
207,4,4,3.941675739,1
208,0,0,6.80483436,1
208,1,1,5.539745094,1
208,2,2,3.658229924,1
208,3,3,1.464470434,1
208,4,4,1.271008826,1
209,0,0,7.507515784,1
209,1,1,5.379833575,1
209,2,2,3.862847718,1
209,3,3,4.205162839,1
209,4,4,2.745946109,1
210,0,0,6.360786275,1
210,1,1,4.02325249,1
210,2,2,3.97830436,1
210,3,3,1.89406865,1
210,4,4,2.461824643,1
211,0,0,6.511897643,1
211,1,1,4.965340857,1
211,2,2,3.410542966,1
211,3,3,3.329733262,1
211,4,4,2.425394536,1
212,0,0,NA,1
212,1,1,NA,1
212,2,2,3.387180031,1
212,3,3,NA,1
212,4,4,1.945731922,1
213,0,0,7.755302465,1
213,1,1,6.475470947,1
213,2,2,5.132890172,1
213,3,3,6.572623476,1
213,4,4,3.861656984,1
214,0,0,4.839819596,1
214,1,1,4.05063593,1
214,2,2,3.036200487,1
214,3,3,1.809254016,1
214,4,4,1.153758273,1
215,0,0,7.466934506,0
215,1,1,6.18825336,0
215,2,2,5.687063684,0
215,3,3,4.184895739,0
215,4,4,3.996361817,0
216,0,0,8.38496293,1
216,1,1,3.605195588,1
216,2,2,2.684848366,1
216,3,3,2.165393985,1
216,4,4,NA,1
217,0,0,6.557326525,1
217,1,1,6.080159871,1
217,2,2,3.34955713,1
217,3,3,1.889282345,1
217,4,4,0.576636322,1
218,0,0,NA,1
218,1,1,4.927068373,1
218,2,2,NA,1
218,3,3,2.138151545,1
218,4,4,NA,1
219,0,0,7.161286768,1
219,1,1,4.387444461,1
219,2,2,3.317316428,1
219,3,3,3.547639247,1
219,4,4,NA,1
220,0,0,7.321294158,1
220,1,1,NA,1
220,2,2,4.463745705,1
220,3,3,4.288450992,1
220,4,4,NA,1
221,0,0,6.311343237,1
221,1,1,6.581278398,1
221,2,2,4.398181945,1
221,3,3,5.808446589,1
221,4,4,4.530493136,1
222,0,0,5.972759197,1
222,1,1,2.847904947,1
222,2,2,3.944116922,1
222,3,3,1.74306185,1
222,4,4,NA,1
223,0,0,4.781401303,1
223,1,1,4.439857909,1
223,2,2,5.111155738,1
223,3,3,3.725683674,1
223,4,4,1.632862153,1
224,0,0,5.331995596,1
224,1,1,4.532148483,1
224,2,2,3.139920547,1
224,3,3,0.860385472,1
224,4,4,2.080425689,1
225,0,0,6.85562291,0
225,1,1,4.841019185,0
225,2,2,3.975315509,0
225,3,3,2.825170891,0
225,4,4,3.622665135,0
226,0,0,6.434138385,1
226,1,1,6.742332847,1
226,2,2,3.305036666,1
226,3,3,4.654968899,1
226,4,4,2.32426579,1
227,0,0,5.4500132,0
227,1,1,4.804052447,0
227,2,2,6.486600154,0
227,3,3,6.022937922,0
227,4,4,6.909929744,0
228,0,0,7.82155234,1
228,1,1,5.501855811,1
228,2,2,3.148310106,1
228,3,3,1.457629006,1
228,4,4,1.185574756,1
229,0,0,5.313995369,1
229,1,1,4.490012854,1
229,2,2,3.576217539,1
229,3,3,3.606091001,1
229,4,4,2.987116167,1
230,0,0,7.476559637,1
230,1,1,5.238931279,1
230,2,2,3.896921468,1
230,3,3,1.710092369,1
230,4,4,NA,1
231,0,0,7.908881259,1
231,1,1,7.211051724,1
231,2,2,7.437688848,1
231,3,3,6.289064212,1
231,4,4,3.611787508,1
232,0,0,8.437792894,1
232,1,1,7.052805156,1
232,2,2,5.263193743,1
232,3,3,2.792007673,1
232,4,4,3.196344174,1
233,0,0,7.544001795,1
233,1,1,6.236609375,1
233,2,2,NA,1
233,3,3,NA,1
233,4,4,3.221154402,1
234,0,0,NA,1
234,1,1,6.486261856,1
234,2,2,5.128171037,1
234,3,3,4.830937694,1
234,4,4,3.843407796,1
235,0,0,7.048523214,1
235,1,1,7.04208436,1
235,2,2,5.814766513,1
235,3,3,4.605542278,1
235,4,4,4.652682176,1
236,0,0,7.07721211,1
236,1,1,4.452142536,1
236,2,2,NA,1
236,3,3,NA,1
236,4,4,-0.215813098,1
237,0,0,7.806056407,0
237,1,1,5.674355228,0
237,2,2,2.774221682,0
237,3,3,5.38419953,0
237,4,4,3.204266826,0
238,0,0,5.900917014,0
238,1,1,6.192342387,0
238,2,2,2.507146202,0
238,3,3,2.804567462,0
238,4,4,3.020117814,0
239,0,0,6.639734761,1
239,1,1,5.493976692,1
239,2,2,3.824481172,1
239,3,3,1.536045184,1
239,4,4,0.667752217,1
240,0,0,4.216475528,1
240,1,1,4.358577789,1
240,2,2,NA,1
240,3,3,2.913345143,1
240,4,4,2.047723276,1
241,0,0,4.812810863,0
241,1,1,3.388496948,0
241,2,2,2.441015184,0
241,3,3,2.973305076,0
241,4,4,0.165222948,0
242,0,0,6.65889671,0
242,1,1,6.681000552,0
242,2,2,6.874984257,0
242,3,3,5.229281314,0
242,4,4,6.82955316,0
243,0,0,7.285882597,0
243,1,1,5.999613485,0
243,2,2,5.747145312,0
243,3,3,6.65409766,0
243,4,4,6.511244756,0
244,0,0,5.84087471,0
244,1,1,4.687508973,0
244,2,2,3.817698212,0
244,3,3,3.357024943,0
244,4,4,4.090067715,0
245,0,0,7.823743011,1
245,1,1,NA,1
245,2,2,5.585260085,1
245,3,3,4.144252352,1
245,4,4,5.898424183,1
246,0,0,5.266396827,1
246,1,1,5.870409442,1
246,2,2,2.471006918,1
246,3,3,NA,1
246,4,4,NA,1
247,0,0,6.323915498,0
247,1,1,4.503645566,0
247,2,2,3.465793136,0
247,3,3,1.84685028,0
247,4,4,2.111648055,0
248,0,0,7.360954712,1
248,1,1,3.03110135,1
248,2,2,1.82667828,1
248,3,3,NA,1
248,4,4,NA,1
249,0,0,6.275594379,1
249,1,1,4.702499173,1
249,2,2,5.653641828,1
249,3,3,3.067940997,1
249,4,4,3.881086929,1
250,0,0,5.166799565,0
250,1,1,5.241083972,0
250,2,2,3.995668332,0
250,3,3,3.963569028,0
250,4,4,3.573558074,0
251,0,0,8.609775001,1
251,1,1,6.680320146,1
251,2,2,5.995707028,1
251,3,3,NA,1
251,4,4,NA,1
252,0,0,3.800195035,0
252,1,1,4.667148602,0
252,2,2,6.158344768,0
252,3,3,2.946843391,0
252,4,4,2.173456736,0
253,0,0,8.396477188,1
253,1,1,6.405093566,1
253,2,2,5.72396272,1
253,3,3,3.196029399,1
253,4,4,3.381568842,1
254,0,0,7.480464547,1
254,1,1,6.912170125,1
254,2,2,7.143090556,1
254,3,3,6.514922694,1
254,4,4,7.543311948,1
255,0,0,6.368582672,0
255,1,1,6.592751459,0
255,2,2,4.639958499,0
255,3,3,6.167230526,0
255,4,4,6.121015137,0
256,0,0,6.900823597,0
256,1,1,6.323462693,0
256,2,2,4.818360037,0
256,3,3,4.469181146,0
256,4,4,3.334862957,0
257,0,0,7.2467392,1
257,1,1,4.830568,1
257,2,2,5.481017706,1
257,3,3,6.362002708,1
257,4,4,4.881719721,1
258,0,0,7.134421993,1
258,1,1,5.085499281,1
258,2,2,4.038127185,1
258,3,3,NA,1
258,4,4,NA,1
259,0,0,6.996375295,1
259,1,1,5.934645949,1
259,2,2,5.654737345,1
259,3,3,5.824516369,1
259,4,4,5.631249776,1
260,0,0,6.835358023,1
260,1,1,5.06602914,1
260,2,2,4.775548421,1
260,3,3,3.775819077,1
260,4,4,3.780273814,1
261,0,0,6.094327226,0
261,1,1,5.33664771,0
261,2,2,4.213446115,0
261,3,3,4.196625659,0
261,4,4,2.935865898,0
262,0,0,5.336181981,0
262,1,1,5.634658683,0
262,2,2,4.126260163,0
262,3,3,4.502527415,0
262,4,4,2.999236856,0
263,0,0,6.27012931,0
263,1,1,5.423140552,0
263,2,2,6.392403792,0
263,3,3,5.177839573,0
263,4,4,7.271094225,0
264,0,0,7.910585889,0
264,1,1,6.827294287,0
264,2,2,5.929295475,0
264,3,3,8.019020526,0
264,4,4,7.404672895,0
265,0,0,NA,1
265,1,1,NA,1
265,2,2,2.949396551,1
265,3,3,NA,1
265,4,4,NA,1
266,0,0,5.991700489,1
266,1,1,5.730197449,1
266,2,2,3.958731972,1
266,3,3,NA,1
266,4,4,NA,1
267,0,0,7.193327259,1
267,1,1,6.301836397,1
267,2,2,3.124733947,1
267,3,3,3.483668121,1
267,4,4,0.826313575,1
268,0,0,6.79971985,0
268,1,1,4.847180743,0
268,2,2,4.948884336,0
268,3,3,2.48443938,0
268,4,4,3.69911185,0
269,0,0,7.425976881,0
269,1,1,8.110200571,0
269,2,2,8.73690953,0
269,3,3,10.04232985,0
269,4,4,9.269342918,0
270,0,0,5.887269481,1
270,1,1,4.410645906,1
270,2,2,NA,1
270,3,3,2.168941755,1
270,4,4,NA,1
271,0,0,NA,1
271,1,1,4.352722308,1
271,2,2,2.592366814,1
271,3,3,1.705703465,1
271,4,4,0.638789084,1
272,0,0,5.52599647,1
272,1,1,4.639876235,1
272,2,2,4.778322187,1
272,3,3,3.556872798,1
272,4,4,0.570364602,1
273,0,0,7.421693866,1
273,1,1,4.011513934,1
273,2,2,3.77388841,1
273,3,3,NA,1
273,4,4,0.642996255,1
274,0,0,6.741523721,0
274,1,1,5.358373161,0
274,2,2,6.792345649,0
274,3,3,4.086921405,0
274,4,4,6.646277617,0
275,0,0,5.3528221,1
275,1,1,3.254368819,1
275,2,2,NA,1
275,3,3,0.031391957,1
275,4,4,-1.644948494,1
276,0,0,6.947924312,1
276,1,1,5.134854882,1
276,2,2,2.870503113,1
276,3,3,2.515024779,1
276,4,4,2.633235889,1
277,0,0,6.730173157,1
277,1,1,NA,1
277,2,2,NA,1
277,3,3,NA,1
277,4,4,NA,1
278,0,0,5.343269702,1
278,1,1,NA,1
278,2,2,NA,1
278,3,3,1.722495891,1
278,4,4,-0.727243577,1
279,0,0,NA,1
279,1,1,NA,1
279,2,2,NA,1
279,3,3,-0.167705369,1
279,4,4,-2.029674259,1
280,0,0,7.17376021,0
280,1,1,7.31503401,0
280,2,2,6.756471814,0
280,3,3,7.092944626,0
280,4,4,NA,0
281,0,0,4.94024163,1
281,1,1,3.993708831,1
281,2,2,4.034816134,1
281,3,3,1.578528241,1
281,4,4,-0.093219789,1
282,0,0,7.247161584,0
282,1,1,7.699537698,0
282,2,2,5.1878067,0
282,3,3,4.4756348,0
282,4,4,3.420964869,0
283,0,0,6.734202007,1
283,1,1,5.874487868,1
283,2,2,4.440337437,1
283,3,3,4.084737102,1
283,4,4,5.19778568,1
284,0,0,5.968333978,1
284,1,1,5.380572706,1
284,2,2,2.370490158,1
284,3,3,2.634999745,1
284,4,4,1.819605993,1
285,0,0,NA,1
285,1,1,NA,1
285,2,2,NA,1
285,3,3,NA,1
285,4,4,NA,1
286,0,0,5.250040927,1
286,1,1,4.616866227,1
286,2,2,3.469710428,1
286,3,3,3.016118556,1
286,4,4,2.429771857,1
287,0,0,7.916767387,1
287,1,1,5.916016402,1
287,2,2,4.729512585,1
287,3,3,NA,1
287,4,4,1.094959571,1
288,0,0,8.414729209,0
288,1,1,7.267252383,0
288,2,2,6.548546526,0
288,3,3,7.015869006,0
288,4,4,6.709427318,0
289,0,0,6.793103982,1
289,1,1,6.818418425,1
289,2,2,6.436108734,1
289,3,3,4.738809592,1
289,4,4,3.080581956,1
290,0,0,8.169194981,1
290,1,1,5.753958409,1
290,2,2,4.984754071,1
290,3,3,6.29476488,1
290,4,4,2.916256947,1
291,0,0,6.333191354,1
291,1,1,3.711257591,1
291,2,2,NA,1
291,3,3,1.704761996,1
291,4,4,0.922426613,1
292,0,0,7.454818053,0
292,1,1,5.851270632,0
292,2,2,3.616880528,0
292,3,3,5.033395491,0
292,4,4,3.429884161,0
293,0,0,6.619892971,1
293,1,1,5.601568729,1
293,2,2,4.859759807,1
293,3,3,1.212956132,1
293,4,4,2.421527839,1
294,0,0,5.972089286,1
294,1,1,6.525120584,1
294,2,2,4.897850756,1
294,3,3,4.270905649,1
294,4,4,2.607101278,1
295,0,0,5.811650643,0
295,1,1,5.503984708,0
295,2,2,4.474985132,0
295,3,3,3.158014861,0
295,4,4,3.315352222,0
296,0,0,4.95965834,1
296,1,1,4.865502851,1
296,2,2,3.21108017,1
296,3,3,1.62935757,1
296,4,4,2.24937332,1
297,0,0,8.155825351,0
297,1,1,6.696944588,0
297,2,2,5.254084623,0
297,3,3,NA,0
297,4,4,5.340715941,0
298,0,0,6.157691945,1
298,1,1,4.223394766,1
298,2,2,1.596885294,1
298,3,3,NA,1
298,4,4,-0.149314661,1
299,0,0,6.030057435,1
299,1,1,5.786683574,1
299,2,2,4.093439812,1
299,3,3,2.740005481,1
299,4,4,1.723481467,1
300,0,0,6.807090893,1
300,1,1,6.278403301,1
300,2,2,3.356625753,1
300,3,3,1.412884268,1
300,4,4,-0.310130309,1
301,0,0,6.124160542,1
301,1,1,5.51952594,1
301,2,2,5.852456309,1
301,3,3,4.290516143,1
301,4,4,3.335897068,1
302,0,0,6.845210778,1
302,1,1,6.38117017,1
302,2,2,5.08984834,1
302,3,3,4.961294577,1
302,4,4,4.874030259,1
303,0,0,7.186912184,1
303,1,1,3.528305334,1
303,2,2,NA,1
303,3,3,2.763339984,1
303,4,4,-1.224018784,1
304,0,0,6.040732733,1
304,1,1,4.809885042,1
304,2,2,0.799710553,1
304,3,3,NA,1
304,4,4,0.942102928,1
305,0,0,7.212990245,1
305,1,1,5.599207028,1
305,2,2,3.667652317,1
305,3,3,3.76610945,1
305,4,4,2.873594472,1
306,0,0,6.576090902,1
306,1,1,4.224274304,1
306,2,2,4.584835855,1
306,3,3,1.696663131,1
306,4,4,NA,1
307,0,0,6.438397711,1
307,1,1,6.119062534,1
307,2,2,3.871698147,1
307,3,3,NA,1
307,4,4,1.352265865,1
308,0,0,6.932110056,1
308,1,1,5.357857291,1
308,2,2,3.649279249,1
308,3,3,4.688489533,1
308,4,4,4.010853406,1
309,0,0,6.884931808,1
309,1,1,5.654408328,1
309,2,2,4.517887523,1
309,3,3,4.246629564,1
309,4,4,3.788269788,1
310,0,0,NA,1
310,1,1,5.418221168,1
310,2,2,3.300490225,1
310,3,3,2.83570111,1
310,4,4,2.079960657,1
311,0,0,7.703747788,1
311,1,1,5.136810941,1
311,2,2,2.369062535,1
311,3,3,2.155211374,1
311,4,4,3.710396852,1
312,0,0,5.470895453,1
312,1,1,4.317775867,1
312,2,2,2.09810933,1
312,3,3,1.695121566,1
312,4,4,0.084151566,1
313,0,0,5.604289411,0
313,1,1,5.893517508,0
313,2,2,6.196638079,0
313,3,3,7.206198209,0
313,4,4,5.852798047,0
314,0,0,7.567732471,1
314,1,1,6.763329594,1
314,2,2,7.714721721,1
314,3,3,7.523002999,1
314,4,4,4.90071453,1
315,0,0,7.100435755,1
315,1,1,5.14215449,1
315,2,2,5.293430506,1
315,3,3,3.989741067,1
315,4,4,3.698998513,1
316,0,0,7.606278197,0
316,1,1,6.774445742,0
316,2,2,7.556157674,0
316,3,3,6.313786633,0
316,4,4,4.513310453,0
317,0,0,7.142148166,1
317,1,1,5.043160702,1
317,2,2,3.934921092,1
317,3,3,3.919900953,1
317,4,4,1.650826235,1
318,0,0,6.590650898,1
318,1,1,6.481606554,1
318,2,2,4.223697351,1
318,3,3,2.596404115,1
318,4,4,0.80568275,1
319,0,0,5.421440971,1
319,1,1,3.172295188,1
319,2,2,NA,1
319,3,3,NA,1
319,4,4,NA,1
320,0,0,6.496628909,0
320,1,1,6.589774606,0
320,2,2,7.563071986,0
320,3,3,7.008783453,0
320,4,4,8.117534452,0
321,0,0,6.305199928,1
321,1,1,5.034998037,1
321,2,2,2.665907072,1
321,3,3,0.553970817,1
321,4,4,-1.229875411,1
322,0,0,5.3523323,1
322,1,1,5.101313324,1
322,2,2,2.079266195,1
322,3,3,3.367201181,1
322,4,4,0.045544387,1
323,0,0,7.136630437,1
323,1,1,6.407990058,1
323,2,2,3.589388269,1
323,3,3,NA,1
323,4,4,NA,1
324,0,0,5.8239564,1
324,1,1,5.557460933,1
324,2,2,3.063130471,1
324,3,3,1.322834373,1
324,4,4,0.108274075,1
325,0,0,NA,1
325,1,1,4.1032665,1
325,2,2,2.987874825,1
325,3,3,2.058656296,1
325,4,4,NA,1
326,0,0,6.528599838,0
326,1,1,4.878469887,0
326,2,2,5.854639024,0
326,3,3,7.057592938,0
326,4,4,5.447844385,0
327,0,0,6.955039705,1
327,1,1,5.234853439,1
327,2,2,6.220048368,1
327,3,3,2.796082078,1
327,4,4,2.019735879,1
328,0,0,7.094809836,1
328,1,1,6.944705302,1
328,2,2,3.961948144,1
328,3,3,6.07771633,1
328,4,4,4.502917643,1
329,0,0,5.665041173,1
329,1,1,6.096230496,1
329,2,2,5.664414214,1
329,3,3,3.776819864,1
329,4,4,NA,1
330,0,0,NA,1
330,1,1,4.742473861,1
330,2,2,3.498299076,1
330,3,3,2.264575209,1
330,4,4,NA,1
331,0,0,8.596545361,1
331,1,1,4.351046331,1
331,2,2,4.304519024,1
331,3,3,3.138756847,1
331,4,4,0.45048742,1
332,0,0,8.984803173,0
332,1,1,6.339608052,0
332,2,2,6.12279601,0
332,3,3,5.987271204,0
332,4,4,5.360730156,0
333,0,0,5.196176,1
333,1,1,3.503757048,1
333,2,2,NA,1
333,3,3,0.485732435,1
333,4,4,-2.70799446,1
334,0,0,8.008702636,1
334,1,1,5.547264595,1
334,2,2,2.525739116,1
334,3,3,2.081010854,1
334,4,4,2.322057655,1
335,0,0,NA,1
335,1,1,5.509429646,1
335,2,2,4.916369697,1
335,3,3,3.383162912,1
335,4,4,NA,1
336,0,0,6.263622818,1
336,1,1,5.485523846,1
336,2,2,4.942699509,1
336,3,3,3.200733889,1
336,4,4,3.10442308,1
337,0,0,4.472888625,0
337,1,1,NA,0
337,2,2,3.250941173,0
337,3,3,3.440149723,0
337,4,4,1.970825698,0
338,0,0,4.886563972,1
338,1,1,1.793677035,1
338,2,2,0.922132558,1
338,3,3,NA,1
338,4,4,-1.998664028,1
339,0,0,6.673451104,1
339,1,1,6.653619522,1
339,2,2,NA,1
339,3,3,7.088675564,1
339,4,4,5.983908049,1
340,0,0,7.368817619,0
340,1,1,7.324128884,0
340,2,2,6.113159258,0
340,3,3,5.493584551,0
340,4,4,6.357906784,0
341,0,0,5.815781649,1
341,1,1,5.479034832,1
341,2,2,4.708349182,1
341,3,3,3.320194973,1
341,4,4,4.05739761,1
342,0,0,5.673128399,1
342,1,1,4.009914237,1
342,2,2,0.932953184,1
342,3,3,-1.572553409,1
342,4,4,-2.788601015,1
343,0,0,7.139522334,0
343,1,1,7.224689102,0
343,2,2,5.277926789,0
343,3,3,5.581919143,0
343,4,4,3.980932828,0
344,0,0,6.502846088,0
344,1,1,5.798136046,0
344,2,2,5.216873305,0
344,3,3,4.814876888,0
344,4,4,NA,0
345,0,0,NA,1
345,1,1,NA,1
345,2,2,NA,1
345,3,3,NA,1
345,4,4,NA,1
346,0,0,6.203827023,1
346,1,1,5.756772857,1
346,2,2,4.946270725,1
346,3,3,3.168975203,1
346,4,4,3.40953381,1
347,0,0,7.084379042,0
347,1,1,6.360296886,0
347,2,2,5.26076303,0
347,3,3,3.86322202,0
347,4,4,3.429755576,0
348,0,0,6.535387568,0
348,1,1,5.420722413,0
348,2,2,4.134076348,0
348,3,3,3.569026146,0
348,4,4,2.270779889,0
349,0,0,6.142787102,1
349,1,1,4.743777675,1
349,2,2,4.004037141,1
349,3,3,2.318905561,1
349,4,4,1.01838663,1
350,0,0,6.156073523,0
350,1,1,4.695285118,0
350,2,2,4.851346042,0
350,3,3,4.560118949,0
350,4,4,2.95230513,0
351,0,0,NA,1
351,1,1,4.920923115,1
351,2,2,2.626459401,1
351,3,3,2.114950308,1
351,4,4,0.467999007,1
352,0,0,NA,1
352,1,1,6.34965539,1
352,2,2,3.805969741,1
352,3,3,3.02440224,1
352,4,4,NA,1
353,0,0,6.53434186,0
353,1,1,7.427404959,0
353,2,2,7.092024395,0
353,3,3,8.329688677,0
353,4,4,8.12667937,0
354,0,0,7.212201397,1
354,1,1,5.614234835,1
354,2,2,NA,1
354,3,3,4.524125507,1
354,4,4,3.883087774,1
355,0,0,6.884220465,1
355,1,1,6.195029901,1
355,2,2,5.35253189,1
355,3,3,4.020362416,1
355,4,4,3.212598256,1
356,0,0,4.084907629,1
356,1,1,5.59435644,1
356,2,2,4.508802401,1
356,3,3,NA,1
356,4,4,3.32008012,1
357,0,0,5.825744914,1
357,1,1,4.335731054,1
357,2,2,1.283327572,1
357,3,3,NA,1
357,4,4,1.534965418,1
358,0,0,NA,1
358,1,1,NA,1
358,2,2,NA,1
358,3,3,4.150136679,1
358,4,4,3.137524627,1
359,0,0,7.600990881,1
359,1,1,5.568680689,1
359,2,2,NA,1
359,3,3,3.709640552,1
359,4,4,NA,1
360,0,0,4.988561852,0
360,1,1,6.391899406,0
360,2,2,6.088364596,0
360,3,3,5.205146442,0
360,4,4,3.188769509,0
361,0,0,6.685964931,1
361,1,1,5.647619417,1
361,2,2,NA,1
361,3,3,NA,1
361,4,4,0.839196156,1
362,0,0,6.316194215,1
362,1,1,3.987872749,1
362,2,2,4.602763935,1
362,3,3,4.052243076,1
362,4,4,2.252217719,1
363,0,0,5.188436704,1
363,1,1,5.729124165,1
363,2,2,4.831383891,1
363,3,3,2.879817378,1
363,4,4,2.302991317,1
364,0,0,8.247118218,1
364,1,1,5.432179384,1
364,2,2,5.236272579,1
364,3,3,5.607768685,1
364,4,4,4.714687662,1
365,0,0,6.825552544,1
365,1,1,4.670911718,1
365,2,2,2.735301932,1
365,3,3,4.226405531,1
365,4,4,2.838364053,1
366,0,0,6.859466895,1
366,1,1,4.65901929,1
366,2,2,NA,1
366,3,3,1.997326081,1
366,4,4,1.230234109,1
367,0,0,6.400147172,0
367,1,1,6.178110202,0
367,2,2,5.660742203,0
367,3,3,4.374597537,0
367,4,4,4.451111421,0
368,0,0,NA,1
368,1,1,5.993403458,1
368,2,2,2.43253307,1
368,3,3,NA,1
368,4,4,NA,1
369,0,0,4.950543598,0
369,1,1,5.686233749,0
369,2,2,3.669882254,0
369,3,3,4.589783446,0
369,4,4,3.867694923,0
370,0,0,5.588494164,1
370,1,1,4.806064892,1
370,2,2,4.297647122,1
370,3,3,3.707286995,1
370,4,4,3.758589619,1
371,0,0,6.461287225,1
371,1,1,5.692911223,1
371,2,2,3.30794979,1
371,3,3,1.463762545,1
371,4,4,NA,1
372,0,0,6.005378663,0
372,1,1,6.921424505,0
372,2,2,5.161701818,0
372,3,3,4.776625526,0
372,4,4,4.293864151,0
373,0,0,7.19157996,0
373,1,1,4.436642173,0
373,2,2,NA,0
373,3,3,4.928221951,0
373,4,4,5.542958507,0
374,0,0,7.800565581,1
374,1,1,5.153905647,1
374,2,2,6.944421769,1
374,3,3,5.279861815,1
374,4,4,4.336927531,1
375,0,0,5.395563334,1
375,1,1,3.593984743,1
375,2,2,2.756142047,1
375,3,3,0.520747004,1
375,4,4,NA,1
376,0,0,7.535033329,1
376,1,1,4.48416613,1
376,2,2,3.434686836,1
376,3,3,2.584573399,1
376,4,4,1.544346173,1
377,0,0,5.722523548,1
377,1,1,5.723622229,1
377,2,2,6.019296928,1
377,3,3,4.031293693,1
377,4,4,5.093827474,1
378,0,0,6.796518649,0
378,1,1,6.868299184,0
378,2,2,4.903204494,0
378,3,3,3.470321003,0
378,4,4,2.941723464,0
379,0,0,8.754909178,1
379,1,1,5.271348138,1
379,2,2,5.238592961,1
379,3,3,4.045677705,1
379,4,4,4.229296717,1
380,0,0,7.252748942,1
380,1,1,4.731382066,1
380,2,2,4.671580148,1
380,3,3,3.57305374,1
380,4,4,2.092184612,1
381,0,0,NA,1
381,1,1,5.228015531,1
381,2,2,3.766206816,1
381,3,3,5.117337374,1
381,4,4,4.402157734,1
382,0,0,6.392831901,0
382,1,1,4.542368454,0
382,2,2,4.359925204,0
382,3,3,1.248115155,0
382,4,4,1.465186612,0
383,0,0,7.434853125,1
383,1,1,5.734654857,1
383,2,2,1.720447804,1
383,3,3,NA,1
383,4,4,-0.76425564,1
384,0,0,8.237141162,1
384,1,1,5.921517966,1
384,2,2,NA,1
384,3,3,NA,1
384,4,4,NA,1
385,0,0,7.004156769,0
385,1,1,8.148526867,0
385,2,2,7.563280473,0
385,3,3,7.716823952,0
385,4,4,7.157679856,0
386,0,0,6.118414966,0
386,1,1,3.998004263,0
386,2,2,2.898529484,0
386,3,3,2.018395201,0
386,4,4,-0.430149097,0
387,0,0,5.965268215,1
387,1,1,6.380559988,1
387,2,2,6.948045958,1
387,3,3,2.112470777,1
387,4,4,NA,1
388,0,0,6.357417721,1
388,1,1,7.066905254,1
388,2,2,5.335743201,1
388,3,3,3.958879616,1
388,4,4,5.541448596,1
389,0,0,7.322976394,0
389,1,1,5.92908976,0
389,2,2,6.327171922,0
389,3,3,6.010035034,0
389,4,4,6.621532648,0
390,0,0,8.416663682,1
390,1,1,6.215593224,1
390,2,2,4.981022843,1
390,3,3,4.220779041,1
390,4,4,3.331851088,1
391,0,0,5.634231924,0
391,1,1,6.860047421,0
391,2,2,4.899146423,0
391,3,3,3.500185403,0
391,4,4,3.466326961,0
392,0,0,7.574531262,0
392,1,1,5.121995296,0
392,2,2,6.541789858,0
392,3,3,5.981498439,0
392,4,4,6.264128339,0
393,0,0,7.063763885,0
393,1,1,7.330252942,0
393,2,2,5.898117087,0
393,3,3,NA,0
393,4,4,3.779543335,0
394,0,0,8.012162469,1
394,1,1,8.122555392,1
394,2,2,NA,1
394,3,3,NA,1
394,4,4,3.037337351,1
395,0,0,4.649116455,1
395,1,1,NA,1
395,2,2,3.119682441,1
395,3,3,3.106265497,1
395,4,4,-0.116387935,1
396,0,0,5.188148106,1
396,1,1,6.259379685,1
396,2,2,5.28695584,1
396,3,3,NA,1
396,4,4,NA,1
397,0,0,8.15722399,1
397,1,1,7.075503796,1
397,2,2,5.84958265,1
397,3,3,5.974112338,1
397,4,4,6.252285527,1
398,0,0,6.96197397,1
398,1,1,6.464185387,1
398,2,2,3.606990652,1
398,3,3,NA,1
398,4,4,4.307174721,1
399,0,0,6.718095469,1
399,1,1,4.706773173,1
399,2,2,2.456524235,1
399,3,3,0.680653697,1
399,4,4,NA,1
400,0,0,5.304764709,1
400,1,1,4.851651768,1
400,2,2,3.808723669,1
400,3,3,2.619534056,1
400,4,4,-0.496851773,1
401,0,0,5.447026721,1
401,1,1,3.847424755,1
401,2,2,4.345199263,1
401,3,3,2.347929774,1
401,4,4,3.428277033,1
402,0,0,7.031267196,1
402,1,1,4.961467214,1
402,2,2,4.642731669,1
402,3,3,3.754991786,1
402,4,4,4.338061604,1
403,0,0,7.146815403,1
403,1,1,4.241157212,1
403,2,2,4.699339795,1
403,3,3,2.652747491,1
403,4,4,2.574938026,1
404,0,0,7.483891476,1
404,1,1,2.977642599,1
404,2,2,NA,1
404,3,3,2.459098528,1
404,4,4,-0.538464729,1
405,0,0,6.902952077,1
405,1,1,6.478699525,1
405,2,2,5.462623378,1
405,3,3,6.042028396,1
405,4,4,3.55574659,1
406,0,0,6.455859193,1
406,1,1,NA,1
406,2,2,3.990854328,1
406,3,3,3.588557876,1
406,4,4,2.400576309,1
407,0,0,6.161594495,0
407,1,1,4.800154384,0
407,2,2,5.212590575,0
407,3,3,6.222578547,0
407,4,4,5.085379787,0
408,0,0,6.881223159,1
408,1,1,7.195560047,1
408,2,2,NA,1
408,3,3,4.757375427,1
408,4,4,4.026857548,1
409,0,0,5.353208016,0
409,1,1,5.089855951,0
409,2,2,4.939326489,0
409,3,3,3.176937668,0
409,4,4,3.031783032,0
410,0,0,NA,1
410,1,1,NA,1
410,2,2,3.428249391,1
410,3,3,NA,1
410,4,4,NA,1
411,0,0,6.332686747,1
411,1,1,6.157701731,1
411,2,2,3.298164398,1
411,3,3,3.127501013,1
411,4,4,2.874031481,1
412,0,0,5.504738747,1
412,1,1,4.591083645,1
412,2,2,4.102478797,1
412,3,3,0.220564374,1
412,4,4,-0.17597955,1
413,0,0,7.091773638,1
413,1,1,3.81755538,1
413,2,2,2.757646616,1
413,3,3,1.308285208,1
413,4,4,0.722449887,1
414,0,0,6.164529713,1
414,1,1,NA,1
414,2,2,2.666240443,1
414,3,3,NA,1
414,4,4,NA,1
415,0,0,4.935018156,1
415,1,1,4.362869082,1
415,2,2,1.647131429,1
415,3,3,-0.142301209,1
415,4,4,-1.975240108,1
416,0,0,6.473145136,0
416,1,1,6.94691077,0
416,2,2,5.588383716,0
416,3,3,4.366343538,0
416,4,4,3.920535802,0
417,0,0,4.966889653,1
417,1,1,3.706109723,1
417,2,2,NA,1
417,3,3,NA,1
417,4,4,1.006010583,1
418,0,0,4.293607417,1
418,1,1,5.035805702,1
418,2,2,3.477881373,1
418,3,3,2.329791505,1
418,4,4,1.493732863,1
419,0,0,6.992487777,1
419,1,1,3.795910594,1
419,2,2,3.947831316,1
419,3,3,NA,1
419,4,4,0.424214353,1
420,0,0,6.525421496,1
420,1,1,5.170086017,1
420,2,2,6.497945267,1
420,3,3,NA,1
420,4,4,6.024764674,1
421,0,0,5.810494523,0
421,1,1,4.540711093,0
421,2,2,5.223261255,0
421,3,3,3.021931321,0
421,4,4,0.345617842,0
422,0,0,7.333834862,1
422,1,1,3.804586602,1
422,2,2,4.071033571,1
422,3,3,2.441104958,1
422,4,4,1.74148493,1
423,0,0,6.086671212,1
423,1,1,6.318985898,1
423,2,2,4.286799506,1
423,3,3,4.333451486,1
423,4,4,3.87373151,1
424,0,0,5.540106815,1
424,1,1,5.283783222,1
424,2,2,4.216800476,1
424,3,3,NA,1
424,4,4,NA,1
425,0,0,5.582766768,1
425,1,1,4.420154581,1
425,2,2,2.651079352,1
425,3,3,0.511920541,1
425,4,4,0.888896841,1
426,0,0,5.768144804,0
426,1,1,5.484954107,0
426,2,2,3.953272366,0
426,3,3,3.882304461,0
426,4,4,3.783749462,0
427,0,0,5.930588667,0
427,1,1,6.604927008,0
427,2,2,6.800729796,0
427,3,3,7.116908143,0
427,4,4,7.854963866,0
428,0,0,6.880313936,1
428,1,1,NA,1
428,2,2,4.04404195,1
428,3,3,5.591801386,1
428,4,4,NA,1
429,0,0,5.238018308,1
429,1,1,5.289814241,1
429,2,2,NA,1
429,3,3,4.142055773,1
429,4,4,0.679104443,1
430,0,0,8.168852473,1
430,1,1,5.960305162,1
430,2,2,5.553514846,1
430,3,3,4.874583154,1
430,4,4,NA,1
431,0,0,7.072142402,1
431,1,1,5.290876173,1
431,2,2,2.967551955,1
431,3,3,1.331381544,1
431,4,4,NA,1
432,0,0,5.814726247,1
432,1,1,4.451919301,1
432,2,2,2.473477491,1
432,3,3,0.451059493,1
432,4,4,NA,1
433,0,0,6.748791332,1
433,1,1,5.855901648,1
433,2,2,6.215907101,1
433,3,3,4.201175639,1
433,4,4,NA,1
434,0,0,5.07625395,1
434,1,1,5.062568632,1
434,2,2,2.640018656,1
434,3,3,2.734835151,1
434,4,4,1.206600299,1
435,0,0,NA,1
435,1,1,NA,1
435,2,2,5.360275957,1
435,3,3,0.538448967,1
435,4,4,NA,1
436,0,0,6.72929462,1
436,1,1,4.029235631,1
436,2,2,3.198388829,1
436,3,3,2.500981455,1
436,4,4,0.721476143,1
437,0,0,5.905850011,1
437,1,1,5.324258212,1
437,2,2,3.243362305,1
437,3,3,4.32372781,1
437,4,4,1.373264689,1