"id","time","y","m","group"
1,0,7.90650613654224,0,1
1,1,5.1023952774347,0,1
1,2,3.59411980008171,0,1
1,3,2.28001826094312,0,1
1,4,0.544286245595455,0,1
2,0,6.72653200763759,0,0
2,1,6.72065223095411,0,0
2,2,5.9835925724692,0,0
2,3,6.16646700970215,0,0
2,4,5.17978392954652,0,0
3,0,6.55186671349498,0,0
3,1,4.84905209006501,0,0
3,2,4.64071715833387,0,0
3,3,3.43624295702496,0,0
3,4,3.1238857589212,0,0
4,0,8.10349862789431,0,0
4,1,8.00021483525656,0,0
4,2,NA,1,0
4,3,NA,1,0
4,4,NA,1,0
5,0,6.77655986208762,0,1
5,1,6.33874143773376,0,1
5,2,4.98414776330215,0,1
5,3,NA,1,1
5,4,NA,1,1
6,0,6.16549270252272,0,1
6,1,4.52130104264415,0,1
6,2,2.29380311707887,0,1
6,3,0.398800397689743,0,1
6,4,-1.86337805856812,0,1
7,0,7.85011937107892,0,1
7,1,NA,1,1
7,2,NA,1,1
7,3,NA,1,1
7,4,NA,1,1
8,0,6.88497346097696,0,1
8,1,4.14608268267417,0,1
8,2,4.67224109379125,0,1
8,3,1.12873749578762,0,1
8,4,1.1507639636801,0,1
9,0,5.81579514739775,0,1
9,1,5.83137646481069,0,1
9,2,4.17957881167959,0,1
9,3,1.05650469420197,0,1
9,4,0.556407971995935,0,1
10,0,7.22057939848993,0,0
10,1,7.73547387310122,0,0
10,2,3.69918565394689,0,0
10,3,5.8411529928372,0,0
10,4,2.64883905312113,0,0
11,0,6.46388424682782,0,1
11,1,4.87904911345505,0,1
11,2,2.28879424721021,0,1
11,3,2.74144478744021,0,1
11,4,-0.568961383333086,0,1
12,0,7.01567018886011,0,1
12,1,4.79139677161038,0,1
12,2,NA,1,1
12,3,NA,1,1
12,4,NA,1,1
13,0,6.52401281011228,0,1
13,1,4.82113414244842,0,1
13,2,3.67810876543306,0,1
13,3,3.38462044654767,0,1
13,4,NA,1,1
14,0,7.16072766871073,0,1
14,1,5.5203185766593,0,1
14,2,NA,1,1
14,3,NA,1,1
14,4,NA,1,1
15,0,5.97815242949168,0,1
15,1,4.34222416043235,0,1
15,2,3.97099185231931,0,1
15,3,NA,1,1
15,4,NA,1,1
16,0,6.75948487947036,0,1
16,1,7.33772816140588,0,1
16,2,NA,1,1
16,3,NA,1,1
16,4,NA,1,1
17,0,9.12955809584367,0,1
17,1,5.13582152160208,0,1
17,2,NA,1,1
17,3,NA,1,1
17,4,NA,1,1
18,0,6.83451469793072,0,1
18,1,4.00930242924654,0,1
18,2,5.50617069875589,0,1
18,3,NA,1,1
18,4,NA,1,1
19,0,5.57744687408038,0,1
19,1,6.50160101459502,0,1
19,2,NA,1,1
19,3,NA,1,1
19,4,NA,1,1
20,0,7.26902887437871,0,0
20,1,5.28850193416905,0,0
20,2,6.59524831828502,0,0
20,3,NA,1,0
20,4,NA,1,0
21,0,5.45053128780415,0,1
21,1,4.41274200715726,0,1
21,2,3.6887224337481,0,1
21,3,1.73385236579777,0,1
21,4,1.63209989102982,0,1
22,0,5.30080970580725,0,1
22,1,5.86464809487471,0,1
22,2,3.38456471401107,0,1
22,3,NA,1,1
22,4,NA,1,1
23,0,5.91467521635481,0,0
23,1,5.36050375590338,0,0
23,2,4.84475615209228,0,0
23,3,4.36764956359228,0,0
23,4,NA,1,0
24,0,7.16492385482047,0,1
24,1,6.49985830631571,0,1
24,2,3.6481935673425,0,1
24,3,NA,1,1
24,4,NA,1,1
25,0,5.23240881119015,0,1
25,1,4.96664626795241,0,1
25,2,NA,1,1
25,3,NA,1,1
25,4,NA,1,1
26,0,8.74733274777257,0,1
26,1,5.62771126136103,0,1
26,2,NA,1,1
26,3,NA,1,1
26,4,NA,1,1
27,0,3.57942605795436,0,1
27,1,5.40180938057482,0,1
27,2,3.5685635982857,0,1
27,3,2.63333303827932,0,1
27,4,1.04645680875957,0,1
28,0,5.73469815786481,0,1
28,1,3.85900878792451,0,1
28,2,4.4147822592284,0,1
28,3,2.86532747490044,0,1
28,4,2.07085516458196,0,1
29,0,6.95314061287848,0,1
29,1,4.70401163619973,0,1
29,2,NA,1,1
29,3,NA,1,1
29,4,NA,1,1
30,0,7.06484527487128,0,1
30,1,5.32428183039213,0,1
30,2,3.7284828318707,0,1
30,3,3.93005510804111,0,1
30,4,0.884608914167246,0,1
31,0,6.92596248472323,0,0
31,1,4.96161172615418,0,0
31,2,3.83368459254868,0,0
31,3,3.76078185876692,0,0
31,4,1.4374804276346,0,0
32,0,6.09182330920185,0,1
32,1,2.98570702659661,0,1
32,2,2.60394059449459,0,1
32,3,2.1162810669543,0,1
32,4,0.121200308481298,0,1
33,0,6.43494467953624,0,1
33,1,4.68176706868449,0,1
33,2,4.33136179848905,0,1
33,3,2.69550970401699,0,1
33,4,1.20934416688719,0,1
34,0,6.00610693453162,0,1
34,1,5.09701384198498,0,1
34,2,3.97369173936524,0,1
34,3,2.08236130612981,0,1
34,4,0.687709932555483,0,1
35,0,5.4676365399761,0,1
35,1,4.62073728578417,0,1
35,2,3.82142065983315,0,1
35,3,NA,1,1
35,4,NA,1,1
36,0,7.085810344146,0,1
36,1,2.86032998845211,0,1
36,2,3.66125399587878,0,1
36,3,3.66744252263831,0,1
36,4,0.576305372825563,0,1
37,0,7.29436762600021,0,0
37,1,6.89752367704254,0,0
37,2,5.6260398152337,0,0
37,3,3.56998436376228,0,0
37,4,4.66780251320096,0,0
38,0,5.80609061025658,0,0
38,1,5.83358388033789,0,0
38,2,5.86681454227548,0,0
38,3,NA,1,0
38,4,NA,1,0
39,0,6.75106584612968,0,1
39,1,2.72383582801553,0,1
39,2,1.41101829406381,0,1
39,3,-0.223837120201222,0,1
39,4,-0.951949988054103,0,1
40,0,6.05978862790486,0,1
40,1,6.37220732162693,0,1
40,2,5.27239723332302,0,1
40,3,NA,1,1
40,4,NA,1,1
41,0,7.3740324332283,0,0
41,1,6.42708330027613,0,0
41,2,NA,1,0
41,3,NA,1,0
41,4,NA,1,0
42,0,5.91233999536983,0,1
42,1,3.76492740970617,0,1
42,2,2.83677916273154,0,1
42,3,0.731995249158415,0,1
42,4,0.913171601175094,0,1
43,0,6.43250418406192,0,0
43,1,6.99229099089006,0,0
43,2,7.02214654505622,0,0
43,3,NA,1,0
43,4,NA,1,0
44,0,6.08806034368364,0,0
44,1,4.76809483260908,0,0
44,2,2.93014503593053,0,0
44,3,2.73151605256157,0,0
44,4,NA,1,0
45,0,5.2916024122221,0,1
45,1,4.92333393916991,0,1
45,2,1.20947221845563,0,1
45,3,-0.440452301437087,0,1
45,4,-0.970513882332586,0,1
46,0,8.05936565365314,0,1
46,1,5.43230791815654,0,1
46,2,3.41842497571616,0,1
46,3,2.64552007136393,0,1
46,4,0.352291188200586,0,1
47,0,6.85149348561432,0,1
47,1,4.98724589755526,0,1
47,2,2.69401239879875,0,1
47,3,2.987827426704,0,1
47,4,1.98422004636983,0,1
48,0,7.9807084992458,0,1
48,1,5.90249179418519,0,1
48,2,5.24395082995854,0,1
48,3,4.49771957734665,0,1
48,4,NA,1,1
49,0,6.82219245213835,0,1
49,1,4.79951984409202,0,1
49,2,3.07048952026666,0,1
49,3,2.86037060832532,0,1
49,4,1.90892666876658,0,1
50,0,4.57434461242688,0,1
50,1,3.97252700869824,0,1
50,2,1.80867799410889,0,1
50,3,1.36870243783313,0,1
50,4,1.49227090416057,0,1
51,0,6.87489686163684,0,0
51,1,5.03611339475304,0,0
51,2,3.59800870907069,0,0
51,3,2.43444962475296,0,0
51,4,2.3603864790693,0,0
52,0,6.60461550742258,0,0
52,1,5.95442635849987,0,0
52,2,5.11460423701114,0,0
52,3,3.51721550483678,0,0
52,4,NA,1,0
53,0,6.58802382015657,0,1
53,1,5.63636020710351,0,1
53,2,NA,1,1
53,3,NA,1,1
53,4,NA,1,1
54,0,7.03815699613216,0,1
54,1,NA,1,1
54,2,NA,1,1
54,3,NA,1,1
54,4,NA,1,1
55,0,7.52941954616967,0,1
55,1,NA,1,1
55,2,NA,1,1
55,3,NA,1,1
55,4,NA,1,1
56,0,6.60616159135899,0,1
56,1,4.40238729260985,0,1
56,2,NA,1,1
56,3,NA,1,1
56,4,NA,1,1
57,0,5.50968762327859,0,1
57,1,5.1818980029931,0,1
57,2,NA,1,1
57,3,NA,1,1
57,4,NA,1,1
58,0,6.98642981998726,0,1
58,1,NA,1,1
58,2,NA,1,1
58,3,NA,1,1
58,4,NA,1,1
59,0,6.52641349257277,0,1
59,1,5.33168088075973,0,1
59,2,NA,1,1
59,3,NA,1,1
59,4,NA,1,1
60,0,5.90234937262414,0,1
60,1,NA,1,1
60,2,NA,1,1
60,3,NA,1,1
60,4,NA,1,1
61,0,5.83434212729694,0,0
61,1,4.70561655028366,0,0
61,2,4.26254340393381,0,0
61,3,2.25844294938378,0,0
61,4,0.96156698710481,0,0
62,0,6.60197184646616,0,1
62,1,5.65208776329906,0,1
62,2,3.3342844764541,0,1
62,3,3.63053705243358,0,1
62,4,2.42382019822343,0,1
63,0,6.14162737829913,0,0
63,1,7.80004395819743,0,0
63,2,5.93730988607633,0,0
63,3,NA,1,0
63,4,NA,1,0
64,0,6.05684019036944,0,0
64,1,7.04900483247337,0,0
64,2,6.88877149416546,0,0
64,3,NA,1,0
64,4,NA,1,0
65,0,4.35501189344956,0,0
65,1,4.68300972487268,0,0
65,2,4.5898858063622,0,0
65,3,2.75374889842014,0,0
65,4,4.87420141286718,0,0
66,0,6.52201920914245,0,1
66,1,4.25802477659972,0,1
66,2,NA,1,1
66,3,NA,1,1
66,4,NA,1,1
67,0,5.57047681415364,0,0
67,1,4.97194593107026,0,0
67,2,4.06215540471568,0,0
67,3,3.58658895347486,0,0
67,4,NA,1,0
68,0,6.53836314539112,0,1
68,1,6.60692121329941,0,1
68,2,5.99262785789844,0,1
68,3,4.55445519606934,0,1
68,4,NA,1,1
69,0,6.93890785316856,0,1
69,1,5.78802676824521,0,1
69,2,5.96362527555678,0,1
69,3,NA,1,1
69,4,NA,1,1
70,0,5.45427875004203,0,0
70,1,3.80289699127561,0,0
70,2,3.55965298823756,0,0
70,3,5.10245660209432,0,0
70,4,3.83514836570987,0,0
71,0,9.21833413476397,0,1
71,1,6.93502002233358,0,1
71,2,5.04414457316622,0,1
71,3,3.64832312140415,0,1
71,4,2.37016893072902,0,1
72,0,5.53136133432386,0,1
72,1,3.46573439626438,0,1
72,2,-0.0298415917235366,0,1
72,3,-0.979782524527247,0,1
72,4,-2.57085833422082,0,1
73,0,5.66248012140351,0,1
73,1,4.1185576895274,0,1
73,2,0.388609168066787,0,1
73,3,0.141567188153862,0,1
73,4,-2.65534644582666,0,1
74,0,6.77906062137275,0,1
74,1,4.49003850316008,0,1
74,2,4.68788274282262,0,1
74,3,3.55511476321077,0,1
74,4,NA,1,1
75,0,6.15525857764921,0,1
75,1,6.46441185263001,0,1
75,2,4.19291722341813,0,1
75,3,NA,1,1
75,4,NA,1,1
76,0,6.21280726751046,0,1
76,1,3.94087093014724,0,1
76,2,4.54201580789355,0,1
76,3,1.91762276153417,0,1
76,4,2.20007163903051,0,1
77,0,6.17905008874886,0,0
77,1,4.99983266716725,0,0
77,2,7.10803910057893,0,0
77,3,5.73855703702574,0,0
77,4,4.55120575338872,0,0
78,0,4.73303731031726,0,1
78,1,4.32990058374071,0,1
78,2,NA,1,1
78,3,NA,1,1
78,4,NA,1,1
79,0,7.8783709581818,0,1
79,1,5.9018897365176,0,1
79,2,NA,1,1
79,3,NA,1,1
79,4,NA,1,1
80,0,6.9897223250815,0,1
80,1,4.04527856335565,0,1
80,2,2.09823194506715,0,1
80,3,1.03721123909397,0,1
80,4,-0.40482447118975,0,1
81,0,4.97822559606043,0,0
81,1,6.21490994353412,0,0
81,2,4.29926941962506,0,0
81,3,2.83384178573425,0,0
81,4,2.0341448036353,0,0
82,0,8.43008368648841,0,1
82,1,5.90781309426047,0,1
82,2,2.36221720782421,0,1
82,3,3.22259969600019,0,1
82,4,1.93472273102132,0,1
83,0,7.79296133787489,0,1
83,1,5.2486995627824,0,1
83,2,NA,1,1
83,3,NA,1,1
83,4,NA,1,1
84,0,5.31819575184683,0,1
84,1,5.50436586801692,0,1
84,2,NA,1,1
84,3,NA,1,1
84,4,NA,1,1
85,0,6.5430417366173,0,1
85,1,4.18112215199982,0,1
85,2,2.72710605898906,0,1
85,3,1.7790984741396,0,1
85,4,1.40072995714538,0,1
86,0,5.1754940211181,0,1
86,1,4.09259939362809,0,1
86,2,4.0359114056211,0,1
86,3,2.11821706742311,0,1
86,4,0.191358919257431,0,1
87,0,6.37548295523839,0,0
87,1,7.58819565500195,0,0
87,2,3.09052110143525,0,0
87,3,6.02444926896743,0,0
87,4,NA,1,0
88,0,8.04948763610926,0,1
88,1,NA,1,1
88,2,NA,1,1
88,3,NA,1,1
88,4,NA,1,1
89,0,6.17419266124864,0,0
89,1,5.59357073362034,0,0
89,2,4.60814882685481,0,0
89,3,5.67187341039317,0,0
89,4,2.23232107524844,0,0
90,0,5.738314241571,0,1
90,1,2.90207658662062,0,1
90,2,3.85052596186258,0,1
90,3,2.04026633615473,0,1
90,4,2.32891169969778,0,1
91,0,7.20732683123017,0,0
91,1,4.50538283739709,0,0
91,2,4.44270385762986,0,0
91,3,4.38437274045394,0,0
91,4,3.85866635450472,0,0
92,0,7.25414895237863,0,0
92,1,5.60953538626193,0,0
92,2,4.86439427080216,0,0
92,3,4.70538660565328,0,0
92,4,1.71871010088514,0,0
93,0,5.7144890766042,0,1
93,1,3.37504394890473,0,1
93,2,2.20916672978185,0,1
93,3,1.56592790650296,0,1
93,4,-0.783761070244829,0,1
94,0,5.65752416805611,0,1
94,1,4.72339279873854,0,1
94,2,3.42228618271046,0,1
94,3,1.39796759977541,0,1
94,4,2.16708809173654,0,1
95,0,6.06866841496733,0,1
95,1,5.45232465091376,0,1
95,2,4.18566767314855,0,1
95,3,4.04992575603626,0,1
95,4,NA,1,1
96,0,8.16652596067078,0,1
96,1,7.05981805151286,0,1
96,2,5.54641970999722,0,1
96,3,4.21673294483568,0,1
96,4,NA,1,1
97,0,6.76131786417638,0,1
97,1,5.79997264922269,0,1
97,2,3.8805884919408,0,1
97,3,NA,1,1
97,4,NA,1,1
98,0,4.59482798833889,0,1
98,1,4.87477799844727,0,1
98,2,3.43276352882579,0,1
98,3,1.75378079203194,0,1
98,4,1.41766153110835,0,1
99,0,5.95934684051559,0,1
99,1,4.01749515055948,0,1
99,2,3.251018583426,0,1
99,3,2.05753760532007,0,1
99,4,1.08700340725106,0,1
100,0,6.51280495249437,0,1
100,1,4.75863344270783,0,1
100,2,3.13241340649576,0,1
100,3,2.85686582420522,0,1
100,4,1.92214141379346,0,1
101,0,6.76111005350609,0,1
101,1,5.64006804213454,0,1
101,2,3.76613665665291,0,1
101,3,4.02106206519527,0,1
101,4,1.81642880153489,0,1
102,0,6.47769332812692,0,1
102,1,4.32264694404854,0,1
102,2,4.519013707787,0,1
102,3,1.96171425550103,0,1
102,4,0.716409559961896,0,1
103,0,5.98932425878652,0,0
103,1,4.89369491947228,0,0
103,2,5.14816318890231,0,0
103,3,2.5568293139472,0,0
103,4,NA,1,0
104,0,8.78848361084201,0,1
104,1,5.74889704320608,0,1
104,2,NA,1,1
104,3,NA,1,1
104,4,NA,1,1
105,0,7.31848376725141,0,1
105,1,3.79677817748833,0,1
105,2,4.56037679997223,0,1
105,3,2.43043653231283,0,1
105,4,0.180323740489089,0,1
106,0,5.81683742030281,0,0
106,1,4.82030611453908,0,0
106,2,4.17113071048893,0,0
106,3,4.65044922880679,0,0
106,4,NA,1,0
107,0,6.13050100809086,0,1
107,1,4.94935591136261,0,1
107,2,3.358010026933,0,1
107,3,3.36005867425382,0,1
107,4,3.41411386357542,0,1
108,0,6.26908834421772,0,0
108,1,5.25154521831153,0,0
108,2,4.5010782209526,0,0
108,3,3.60864543030391,0,0
108,4,2.68937603819125,0,0
109,0,5.29602247614382,0,1
109,1,NA,1,1
109,2,NA,1,1
109,3,NA,1,1
109,4,NA,1,1
110,0,6.31439024725207,0,1
110,1,4.16413443926824,0,1
110,2,4.35492204948,0,1
110,3,1.97690767051335,0,1
110,4,1.62495815218529,0,1
111,0,6.04577550115291,0,1
111,1,2.09179005239758,0,1
111,2,1.39283013857319,0,1
111,3,-0.838020125937405,0,1
111,4,-1.41018052780066,0,1
112,0,5.32386087038807,0,1
112,1,5.88550447059859,0,1
112,2,4.17715644223957,0,1
112,3,1.80335087292184,0,1
112,4,1.08361560535394,0,1
113,0,6.24518208704954,0,0
113,1,6.32027645149686,0,0
113,2,5.53375811457883,0,0
113,3,4.92523888176458,0,0
113,4,NA,1,0
114,0,3.90099954407346,0,1
114,1,2.52577660539256,0,1
114,2,2.17176191908016,0,1
114,3,0.405453035697244,0,1
114,4,-1.5863980572189,0,1
115,0,4.34996724365439,0,0
115,1,5.12902233277396,0,0
115,2,4.34055166328857,0,0
115,3,2.7716220340335,0,0
115,4,2.13905137973653,0,0
116,0,6.04454976955934,0,0
116,1,4.15954566757383,0,0
116,2,5.48244413135725,0,0
116,3,4.07545276267366,0,0
116,4,3.17500696313194,0,0
117,0,5.67292533988122,0,0
117,1,5.00828848894957,0,0
117,2,4.2613923347202,0,0
117,3,1.24869910739918,0,0
117,4,3.60415476369787,0,0
118,0,5.68017308594777,0,1
118,1,4.63498856098613,0,1
118,2,1.1625373337128,0,1
118,3,0.11282534184934,0,1
118,4,0.825066455704451,0,1
119,0,7.15642806223843,0,1
119,1,4.73685136687952,0,1
119,2,2.83080966950426,0,1
119,3,0.0563680085030323,0,1
119,4,-0.282543663751374,0,1
120,0,7.6234148003488,0,1
120,1,NA,1,1
120,2,NA,1,1
120,3,NA,1,1
120,4,NA,1,1
121,0,4.40848717576398,0,1
121,1,5.19967159673576,0,1
121,2,1.97550475056504,0,1
121,3,2.82475176322163,0,1
121,4,0.693493262822517,0,1
122,0,7.0365605263623,0,1
122,1,5.3710927726299,0,1
122,2,3.84058558369446,0,1
122,3,3.49937600781331,0,1
122,4,NA,1,1
123,0,6.54136972698379,0,1
123,1,2.72893009539994,0,1
123,2,2.78448197514393,0,1
123,3,0.10306991355527,0,1
123,4,-0.685079084387596,0,1
124,0,7.06676076173764,0,1
124,1,5.44548599214613,0,1
124,2,4.86706810398882,0,1
124,3,NA,1,1
124,4,NA,1,1
125,0,6.80565541178672,0,1
125,1,5.9916626370599,0,1
125,2,NA,1,1
125,3,NA,1,1
125,4,NA,1,1
126,0,6.50113399526609,0,0
126,1,4.8242801240146,0,0
126,2,6.18195715480382,0,0
126,3,4.74913168377681,0,0
126,4,3.91499233863501,0,0
127,0,5.99726405115873,0,0
127,1,6.12500641155758,0,0
127,2,5.8998274200581,0,0
127,3,NA,1,0
127,4,NA,1,0
128,0,7.57624930437755,0,1
128,1,5.35822528061187,0,1
128,2,NA,1,1
128,3,NA,1,1
128,4,NA,1,1
129,0,6.98869823168884,0,1
129,1,5.10930925150947,0,1
129,2,2.25861325411202,0,1
129,3,3.10801341976074,0,1
129,4,1.81056272510179,0,1
130,0,5.81026113959689,0,0
130,1,5.12401716570282,0,0
130,2,4.40283863132153,0,0
130,3,NA,1,0
130,4,NA,1,0
131,0,4.9450709546435,0,1
131,1,3.84189284968196,0,1
131,2,3.55219237724324,0,1
131,3,3.33427604492315,0,1
131,4,-0.0961261495101857,0,1
132,0,5.81320922512676,0,1
132,1,4.32997252517673,0,1
132,2,4.59415944229643,0,1
132,3,1.8869967767666,0,1
132,4,NA,1,1
133,0,7.1184495954926,0,0
133,1,4.46732843485685,0,0
133,2,4.58498843237061,0,0
133,3,4.58383638281068,0,0
133,4,NA,1,0
134,0,6.3519462291271,0,1
134,1,NA,1,1
134,2,NA,1,1
134,3,NA,1,1
134,4,NA,1,1
135,0,7.85102404592309,0,0
135,1,NA,1,0
135,2,NA,1,0
135,3,NA,1,0
135,4,NA,1,0
136,0,7.60621312310107,0,0
136,1,6.38189001377386,0,0
136,2,4.84709673652572,0,0
136,3,NA,1,0
136,4,NA,1,0
137,0,6.19135692933276,0,1
137,1,5.03639764804535,0,1
137,2,3.72335868225544,0,1
137,3,NA,1,1
137,4,NA,1,1
138,0,6.34314326031435,0,1
138,1,5.21905436599298,0,1
138,2,3.40960057634517,0,1
138,3,NA,1,1
138,4,NA,1,1
139,0,6.38370831044037,0,1
139,1,3.76084181627685,0,1
139,2,1.78842754923689,0,1
139,3,0.323649405503893,0,1
139,4,-0.175096628216405,0,1
140,0,5.86551291880747,0,0
140,1,6.40545274356362,0,0
140,2,5.34223094205487,0,0
140,3,NA,1,0
140,4,NA,1,0
141,0,7.65868011678323,0,1
141,1,3.24331153144805,0,1
141,2,0.568670005993008,0,1
141,3,-0.411381457571632,0,1
141,4,-0.247001523034246,0,1
142,0,6.02488180412724,0,1
142,1,4.20559932185174,0,1
142,2,3.62015816599917,0,1
142,3,3.58662139773314,0,1
142,4,NA,1,1
143,0,5.92441859679627,0,1
143,1,5.63179932812354,0,1
143,2,4.44002018543011,0,1
143,3,2.35435523379503,0,1
143,4,1.52774123725489,0,1
144,0,7.62528257203841,0,1
144,1,7.4473006098871,0,1
144,2,NA,1,1
144,3,NA,1,1
144,4,NA,1,1
145,0,6.25875421011095,0,1
145,1,3.38584496368757,0,1
145,2,2.31903716330777,0,1
145,3,NA,1,1
145,4,NA,1,1
146,0,5.11739392819806,0,0
146,1,5.92861105573476,0,0
146,2,NA,1,0
146,3,NA,1,0
146,4,NA,1,0
147,0,5.57495305627756,0,0
147,1,4.78354825758754,0,0
147,2,1.70169975871446,0,0
147,3,4.54059254843127,0,0
147,4,1.40330258616102,0,0
148,0,8.00586209551664,0,1
148,1,5.34282710488564,0,1
148,2,3.7027512406608,0,1
148,3,4.80805172561625,0,1
148,4,NA,1,1
149,0,6.95821416149815,0,0
149,1,5.20663930637917,0,0
149,2,5.43864504103699,0,0
149,3,5.00979502456719,0,0
149,4,NA,1,0
150,0,6.23132460914489,0,1
150,1,6.3591134878668,0,1
150,2,2.34484800884852,0,1
150,3,0.580990875180674,0,1
150,4,-0.241800946542712,0,1
151,0,7.268614931405,0,0
151,1,3.86266325362712,0,0
151,2,4.58921767384701,0,0
151,3,4.65636562817052,0,0
151,4,NA,1,0
152,0,6.29790789064326,0,1
152,1,4.091669988293,0,1
152,2,4.04758747811543,0,1
152,3,2.24265347454559,0,1
152,4,NA,1,1
153,0,6.31045842565509,0,0
153,1,4.69949855441263,0,0
153,2,4.98924033006146,0,0
153,3,3.88490580647834,0,0
153,4,NA,1,0
154,0,7.08249851177628,0,1
154,1,4.63415847235808,0,1
154,2,3.70973432026731,0,1
154,3,NA,1,1
154,4,NA,1,1
155,0,5.29970541428445,0,1
155,1,4.37603305202786,0,1
155,2,3.06642979584672,0,1
155,3,NA,1,1
155,4,NA,1,1
156,0,7.23470023611777,0,0
156,1,5.26060705362207,0,0
156,2,NA,1,0
156,3,NA,1,0
156,4,NA,1,0
157,0,6.76483528923299,0,1
157,1,NA,1,1
157,2,NA,1,1
157,3,NA,1,1
157,4,NA,1,1
158,0,5.47375233737022,0,1
158,1,4.4077358215432,0,1
158,2,2.97391943221535,0,1
158,3,2.15945390183745,0,1
158,4,NA,1,1
159,0,8.3184378945565,0,0
159,1,5.34815565059697,0,0
159,2,5.05107665530934,0,0
159,3,NA,1,0
159,4,NA,1,0
160,0,5.62097998338616,0,1
160,1,5.90331056673446,0,1
160,2,3.2790462120359,0,1
160,3,3.09650752166778,0,1
160,4,NA,1,1
161,0,5.8652771936396,0,1
161,1,4.0742472138068,0,1
161,2,2.40871957323898,0,1
161,3,1.30227227791894,0,1
161,4,-2.1282051078164,0,1
162,0,6.95956013800991,0,1
162,1,NA,1,1
162,2,NA,1,1
162,3,NA,1,1
162,4,NA,1,1
163,0,7.11564795289149,0,0
163,1,4.74922771913345,0,0
163,2,2.76398524005961,0,0
163,3,1.3198894936048,0,0
163,4,2.32347165646882,0,0
164,0,5.70469972374695,0,0
164,1,5.09458167697079,0,0
164,2,3.69688239052071,0,0
164,3,3.21682260578522,0,0
164,4,4.51884756960781,0,0
165,0,7.30031472159622,0,1
165,1,7.07194440143754,0,1
165,2,3.77707725338567,0,1
165,3,2.08968438259804,0,1
165,4,2.92951613436663,0,1
166,0,5.90298342642572,0,1
166,1,2.80017401206617,0,1
166,2,0.894731442835003,0,1
166,3,-0.674718404642582,0,1
166,4,-3.48101150867978,0,1
167,0,6.18932504676009,0,0
167,1,6.52482861959272,0,0
167,2,6.55596898248303,0,0
167,3,NA,1,0
167,4,NA,1,0
168,0,7.9460812820258,0,1
168,1,NA,1,1
168,2,NA,1,1
168,3,NA,1,1
168,4,NA,1,1
169,0,6.38415337277211,0,0
169,1,5.22073205844921,0,0
169,2,6.43991371181335,0,0
169,3,2.93727393456226,0,0
169,4,4.60542068004487,0,0
170,0,6.25604418236185,0,1
170,1,5.07274715542082,0,1
170,2,3.7971029520533,0,1
170,3,3.66171928561162,0,1
170,4,1.04374860515629,0,1
171,0,4.47755934569168,0,0
171,1,5.30543274415131,0,0
171,2,4.88743710339596,0,0
171,3,2.87864926174738,0,0
171,4,3.21002758518684,0,0
172,0,5.94549334322973,0,1
172,1,5.68243174434562,0,1
172,2,3.04982538676583,0,1
172,3,3.2337042899874,0,1
172,4,0.917731277453871,0,1
173,0,5.77537705220637,0,1
173,1,4.18407463214109,0,1
173,2,1.97333568077463,0,1
173,3,-0.0172106223974098,0,1
173,4,0.87441383267552,0,1
174,0,7.61142816045822,0,1
174,1,NA,1,1
174,2,NA,1,1
174,3,NA,1,1
174,4,NA,1,1
175,0,6.0615231249941,0,1
175,1,4.59082137865563,0,1
175,2,2.51129286170081,0,1
175,3,0.00873408863575076,0,1
175,4,1.32918939512745,0,1
176,0,6.20745564866488,0,1
176,1,7.66815291631305,0,1
176,2,NA,1,1
176,3,NA,1,1
176,4,NA,1,1
177,0,7.21247943303797,0,1
177,1,NA,1,1
177,2,NA,1,1
177,3,NA,1,1
177,4,NA,1,1
178,0,6.22977914073979,0,0
178,1,4.97135668443992,0,0
178,2,5.01819386941226,0,0
178,3,4.60709401387415,0,0
178,4,NA,1,0
179,0,5.66986122695746,0,0
179,1,4.32464875411047,0,0
179,2,6.1616114553363,0,0
179,3,NA,1,0
179,4,NA,1,0
180,0,5.84119997259827,0,0
180,1,5.25776625716805,0,0
180,2,6.57870568868416,0,0
180,3,NA,1,0
180,4,NA,1,0
181,0,5.10622361120378,0,1
181,1,NA,1,1
181,2,NA,1,1
181,3,NA,1,1
181,4,NA,1,1
182,0,7.07395469028806,0,1
182,1,NA,1,1
182,2,NA,1,1
182,3,NA,1,1
182,4,NA,1,1
183,0,6.61030739065843,0,1
183,1,4.36555112648871,0,1
183,2,3.69385588333585,0,1
183,3,2.13411270975777,0,1
183,4,-0.892079646089302,0,1
184,0,7.65322921105343,0,1
184,1,NA,1,1
184,2,NA,1,1
184,3,NA,1,1
184,4,NA,1,1
185,0,6.24747829300474,0,0
185,1,5.20081774305019,0,0
185,2,4.09894283737959,0,0
185,3,3.06160799743806,0,0
185,4,4.01599434863725,0,0
186,0,6.7822292010817,0,0
186,1,4.42093683674601,0,0
186,2,4.69601419148785,0,0
186,3,3.43145003145681,0,0
186,4,4.27673026772785,0,0
187,0,6.31170223866171,0,1
187,1,4.96129689313239,0,1
187,2,NA,1,1
187,3,NA,1,1
187,4,NA,1,1
188,0,6.18780158013626,0,0
188,1,4.50591363532113,0,0
188,2,4.35411610004015,0,0
188,3,NA,1,0
188,4,NA,1,0
189,0,6.92384393588335,0,1
189,1,5.6640531304637,0,1
189,2,NA,1,1
189,3,NA,1,1
189,4,NA,1,1
190,0,6.26962030258239,0,1
190,1,NA,1,1
190,2,NA,1,1
190,3,NA,1,1
190,4,NA,1,1
191,0,5.27043704669875,0,0
191,1,4.19941714878651,0,0
191,2,4.39258927097298,0,0
191,3,3.85102877539598,0,0
191,4,NA,1,0
192,0,6.77774176856646,0,0
192,1,6.88584019684333,0,0
192,2,NA,1,0
192,3,NA,1,0
192,4,NA,1,0
193,0,7.54082561902607,0,1
193,1,NA,1,1
193,2,NA,1,1
193,3,NA,1,1
193,4,NA,1,1
194,0,7.19565499876621,0,1
194,1,4.69007173860012,0,1
194,2,3.79692405494278,0,1
194,3,3.43678284322246,0,1
194,4,-0.206083185201812,0,1
195,0,6.90180128536156,0,0
195,1,7.13695183089813,0,0
195,2,7.00665104500173,0,0
195,3,6.14973973468444,0,0
195,4,NA,1,0
196,0,7.06529129210651,0,1
196,1,6.14306975961266,0,1
196,2,4.21879362856205,0,1
196,3,1.67248657627895,0,1
196,4,1.31737858800567,0,1
197,0,5.67904685003297,0,1
197,1,6.17740591359674,0,1
197,2,4.69089939321325,0,1
197,3,2.99988618776358,0,1
197,4,0.517155399681021,0,1
198,0,4.70653964207826,0,0
198,1,5.45167492007124,0,0
198,2,4.4368046894212,0,0
198,3,4.78155028050977,0,0
198,4,NA,1,0
199,0,4.80243470123982,0,1
199,1,4.02502785018053,0,1
199,2,0.996618482060496,0,1
199,3,1.45279938536569,0,1
199,4,NA,1,1
200,0,8.18574033312161,0,1
200,1,NA,1,1
200,2,NA,1,1
200,3,NA,1,1
200,4,NA,1,1
201,0,6.36520590885522,0,1
201,1,4.41237958053942,0,1
201,2,3.21696119373131,0,1
201,3,1.92475995968134,0,1
201,4,2.3481868089802,0,1
202,0,4.4844888144921,0,0
202,1,5.17483536924065,0,0
202,2,3.16983220188615,0,0
202,3,3.31636968425532,0,0
202,4,NA,1,0
203,0,6.3749553526699,0,1
203,1,5.65234059017095,0,1
203,2,2.38918086456557,0,1
203,3,1.88149065983455,0,1
203,4,-0.112534214050874,0,1
204,0,6.02496595154762,0,1
204,1,NA,1,1
204,2,NA,1,1
204,3,NA,1,1
204,4,NA,1,1
205,0,6.96595153579253,0,1
205,1,5.17487368488195,0,1
205,2,NA,1,1
205,3,NA,1,1
205,4,NA,1,1
206,0,5.63140989040493,0,0
206,1,7.09316997190602,0,0
206,2,5.69504642065184,0,0
206,3,4.8878853469299,0,0
206,4,NA,1,0
207,0,6.3363891320746,0,1
207,1,5.30051855215591,0,1
207,2,4.87415895281788,0,1
207,3,4.3241112313079,0,1
207,4,NA,1,1
208,0,6.8048343597676,0,1
208,1,5.53974509350346,0,1
208,2,3.65822992425943,0,1
208,3,1.46447043388474,0,1
208,4,1.27100882581791,0,1
209,0,7.50751578422897,0,1
209,1,5.37983357472185,0,1
209,2,3.86284771783066,0,1
209,3,4.20516283923612,0,1
209,4,2.74594610903637,0,1
210,0,6.36078627543799,0,1
210,1,4.02325249012371,0,1
210,2,NA,1,1
210,3,NA,1,1
210,4,NA,1,1
211,0,6.51189764347779,0,1
211,1,4.96534085667086,0,1
211,2,3.4105429662884,0,1
211,3,3.32973326173903,0,1
211,4,2.42539453601781,0,1
212,0,6.42275565165726,0,1
212,1,3.7611579467432,0,1
212,2,3.38718003096217,0,1
212,3,NA,1,1
212,4,NA,1,1
213,0,7.75530246495258,0,1
213,1,6.47547094683115,0,1
213,2,5.13289017185059,0,1
213,3,NA,1,1
213,4,NA,1,1
214,0,4.83981959590821,0,1
214,1,4.05063593003054,0,1
214,2,3.03620048712468,0,1
214,3,1.8092540161386,0,1
214,4,1.15375827338629,0,1
215,0,7.46693450632887,0,0
215,1,6.18825335991947,0,0
215,2,5.68706368411551,0,0
215,3,4.18489573912315,0,0
215,4,3.99636181738298,0,0
216,0,8.38496293019764,0,1
216,1,3.60519558784,0,1
216,2,2.68484836642103,0,1
216,3,2.16539398483357,0,1
216,4,-0.74114814162266,0,1
217,0,6.55732652480626,0,1
217,1,6.08015987144908,0,1
217,2,3.3495571301688,0,1
217,3,1.88928234465876,0,1
217,4,0.576636322365775,0,1
218,0,5.6020330994538,0,1
218,1,4.9270683731242,0,1
218,2,2.56313967018939,0,1
218,3,2.13815154501902,0,1
218,4,NA,1,1
219,0,7.16128676835644,0,1
219,1,4.38744446069702,0,1
219,2,3.31731642818825,0,1
219,3,3.54763924679609,0,1
219,4,NA,1,1
220,0,7.32129415787144,0,1
220,1,4.60926846511144,0,1
220,2,4.46374570483945,0,1
220,3,4.2884509924008,0,1
220,4,NA,1,1
221,0,6.31134323747471,0,1
221,1,6.58127839766303,0,1
221,2,4.39818194542652,0,1
221,3,NA,1,1
221,4,NA,1,1
222,0,5.97275919669156,0,1
222,1,2.84790494681739,0,1
222,2,3.94411692218499,0,1
222,3,1.74306184959302,0,1
222,4,-0.383422432140919,0,1
223,0,4.78140130340482,0,1
223,1,4.43985790892734,0,1
223,2,5.11115573803217,0,1
223,3,NA,1,1
223,4,NA,1,1
224,0,5.33199559598564,0,1
224,1,4.53214848284272,0,1
224,2,3.13992054660764,0,1
224,3,0.860385472066417,0,1
224,4,2.08042568894939,0,1
225,0,6.85562290959886,0,0
225,1,4.84101918539699,0,0
225,2,3.97531550884001,0,0
225,3,2.82517089097983,0,0
225,4,3.62266513527698,0,0
226,0,6.43413838515449,0,1
226,1,6.74233284712289,0,1
226,2,3.30503666573781,0,1
226,3,NA,1,1
226,4,NA,1,1
227,0,5.45001320040984,0,0
227,1,4.804052446697,0,0
227,2,6.48660015402953,0,0
227,3,NA,1,0
227,4,NA,1,0
228,0,7.82155234048638,0,1
228,1,5.50185581066276,0,1
228,2,3.14831010642578,0,1
228,3,1.45762900577091,0,1
228,4,1.18557475643407,0,1
229,0,5.31399536927726,0,1
229,1,4.49001285406319,0,1
229,2,NA,1,1
229,3,NA,1,1
229,4,NA,1,1
230,0,7.47655963665567,0,1
230,1,5.23893127917222,0,1
230,2,3.89692146783874,0,1
230,3,1.71009236926282,0,1
230,4,0.631745088814219,0,1
231,0,7.90888125905588,0,1
231,1,7.2110517243107,0,1
231,2,NA,1,1
231,3,NA,1,1
231,4,NA,1,1
232,0,8.437792894001,0,1
232,1,NA,1,1
232,2,NA,1,1
232,3,NA,1,1
232,4,NA,1,1
233,0,7.54400179521081,0,1
233,1,6.23660937518301,0,1
233,2,3.78091756323033,0,1
233,3,NA,1,1
233,4,NA,1,1
234,0,5.70802211573036,0,1
234,1,6.48626185558134,0,1
234,2,NA,1,1
234,3,NA,1,1
234,4,NA,1,1
235,0,7.04852321444082,0,1
235,1,7.0420843598465,0,1
235,2,NA,1,1
235,3,NA,1,1
235,4,NA,1,1
236,0,7.07721211020253,0,1
236,1,4.45214253634313,0,1
236,2,NA,1,1
236,3,NA,1,1
236,4,NA,1,1
237,0,7.80605640690241,0,0
237,1,5.6743552284919,0,0
237,2,2.77422168237517,0,0
237,3,5.38419952963031,0,0
237,4,3.20426682578085,0,0
238,0,5.90091701418172,0,0
238,1,6.19234238677571,0,0
238,2,2.50714620227899,0,0
238,3,2.80456746233978,0,0
238,4,3.02011781369746,0,0
239,0,6.63973476134327,0,1
239,1,5.49397669151655,0,1
239,2,3.82448117177779,0,1
239,3,1.53604518422432,0,1
239,4,0.667752216752095,0,1
240,0,4.21647552754833,0,1
240,1,4.35857778924282,0,1
240,2,4.45287125199867,0,1
240,3,NA,1,1
240,4,NA,1,1
241,0,4.81281086332634,0,0
241,1,3.38849694846289,0,0
241,2,2.44101518435531,0,0
241,3,2.97330507622633,0,0
241,4,0.16522294788635,0,0
242,0,6.65889671049989,0,0
242,1,6.68100055229724,0,0
242,2,NA,1,0
242,3,NA,1,0
242,4,NA,1,0
243,0,7.28588259720157,0,0
243,1,5.99961348456857,0,0
243,2,5.74714531226842,0,0
243,3,NA,1,0
243,4,NA,1,0
244,0,5.84087471034952,0,0
244,1,4.68750897312264,0,0
244,2,3.81769821192149,0,0
244,3,3.35702494312384,0,0
244,4,NA,1,0
245,0,7.8237430108217,0,1
245,1,5.83566067818609,0,1
245,2,5.58526008497431,0,1
245,3,NA,1,1
245,4,NA,1,1
246,0,5.26639682737071,0,1
246,1,5.87040944233104,0,1
246,2,2.47100691832566,0,1
246,3,1.32018253302976,0,1
246,4,NA,1,1
247,0,6.32391549818985,0,0
247,1,4.50364556576721,0,0
247,2,3.46579313573818,0,0
247,3,1.84685028021367,0,0
247,4,2.11164805503733,0,0
248,0,7.36095471214034,0,1
248,1,3.03110135041208,0,1
248,2,1.82667827963026,0,1
248,3,-1.38091475053342,0,1
248,4,-3.05110358045269,0,1
249,0,6.27559437885479,0,1
249,1,4.70249917290243,0,1
249,2,5.65364182790855,0,1
249,3,3.06794099702523,0,1
249,4,NA,1,1
250,0,5.16679956518813,0,0
250,1,5.24108397151783,0,0
250,2,3.99566833247719,0,0
250,3,3.96356902751201,0,0
250,4,3.57355807405991,0,0
251,0,8.60977500068495,0,1
251,1,6.68032014582655,0,1
251,2,NA,1,1
251,3,NA,1,1
251,4,NA,1,1
252,0,3.80019503544191,0,0
252,1,4.66714860159323,0,0
252,2,6.15834476770334,0,0
252,3,2.94684339117014,0,0
252,4,2.17345673626442,0,0
253,0,8.39647718751424,0,1
253,1,6.40509356612062,0,1
253,2,NA,1,1
253,3,NA,1,1
253,4,NA,1,1
254,0,7.48046454657865,0,1
254,1,6.91217012489928,0,1
254,2,NA,1,1
254,3,NA,1,1
254,4,NA,1,1
255,0,6.36858267183844,0,0
255,1,6.5927514585422,0,0
255,2,4.63995849885554,0,0
255,3,NA,1,0
255,4,NA,1,0
256,0,6.90082359688338,0,0
256,1,6.32346269262465,0,0
256,2,4.81836003739004,0,0
256,3,4.469181146235,0,0
256,4,3.33486295721877,0,0
257,0,7.24673919997006,0,1
257,1,4.83056799987965,0,1
257,2,5.48101770558026,0,1
257,3,NA,1,1
257,4,NA,1,1
258,0,7.13442199285499,0,1
258,1,5.08549928109754,0,1
258,2,4.03812718518173,0,1
258,3,2.34516123117875,0,1
258,4,NA,1,1
259,0,6.99637529542017,0,1
259,1,5.93464594943015,0,1
259,2,NA,1,1
259,3,NA,1,1
259,4,NA,1,1
260,0,6.83535802271039,0,1
260,1,5.06602914039886,0,1
260,2,NA,1,1
260,3,NA,1,1
260,4,NA,1,1
261,0,6.09432722598239,0,0
261,1,5.3366477104939,0,0
261,2,4.2134461151104,0,0
261,3,4.19662565903034,0,0
261,4,2.93586589836334,0,0
262,0,5.33618198050296,0,0
262,1,5.63465868308968,0,0
262,2,4.12626016303592,0,0
262,3,4.50252741510731,0,0
262,4,2.99923685580638,0,0
263,0,6.27012930977701,0,0
263,1,5.42314055246148,0,0
263,2,6.3924037924468,0,0
263,3,5.17783957297109,0,0
263,4,NA,1,0
264,0,7.91058588919165,0,0
264,1,6.8272942871272,0,0
264,2,5.92929547477403,0,0
264,3,NA,1,0
264,4,NA,1,0
265,0,4.9364532362829,0,1
265,1,3.38255269286689,0,1
265,2,2.94939655130358,0,1
265,3,0.375150145094977,0,1
265,4,-0.699278497376895,0,1
266,0,5.99170048909537,0,1
266,1,5.730197448907,0,1
266,2,3.95873197212928,0,1
266,3,2.16682199760155,0,1
266,4,0.35307262138011,0,1
267,0,7.19332725921428,0,1
267,1,6.30183639677049,0,1
267,2,3.12473394716554,0,1
267,3,3.48366812136492,0,1
267,4,0.826313575125876,0,1
268,0,6.7997198495113,0,0
268,1,4.84718074342647,0,0
268,2,4.94888433552035,0,0
268,3,2.4844393802527,0,0
268,4,3.69911185019823,0,0
269,0,7.42597688058333,0,0
269,1,8.11020057092617,0,0
269,2,NA,1,0
269,3,NA,1,0
269,4,NA,1,0
270,0,5.88726948110469,0,1
270,1,4.41064590642967,0,1
270,2,2.89724139663847,0,1
270,3,2.16894175535582,0,1
270,4,-0.736257932884956,0,1
271,0,5.24041838434807,0,1
271,1,4.35272230784938,0,1
271,2,2.59236681436202,0,1
271,3,1.70570346547996,0,1
271,4,0.638789083956298,0,1
272,0,5.52599647028701,0,1
272,1,4.63987623504027,0,1
272,2,4.77832218739478,0,1
272,3,3.55687279759114,0,1
272,4,0.570364601895532,0,1
273,0,7.4216938658623,0,1
273,1,4.01151393422433,0,1
273,2,3.77388841026969,0,1
273,3,-0.252703028194762,0,1
273,4,0.642996254847536,0,1
274,0,6.74152372081596,0,0
274,1,5.35837316149727,0,0
274,2,6.79234564948933,0,0
274,3,4.08692140517829,0,0
274,4,6.64627761654217,0,0
275,0,5.35282209958221,0,1
275,1,3.2543688185435,0,1
275,2,2.39532659214059,0,1
275,3,0.0313919574307407,0,1
275,4,-1.64494849375077,0,1
276,0,6.94792431178619,0,1
276,1,5.13485488245774,0,1
276,2,2.87050311325678,0,1
276,3,2.51502477904036,0,1
276,4,NA,1,1
277,0,6.73017315695961,0,1
277,1,NA,1,1
277,2,NA,1,1
277,3,NA,1,1
277,4,NA,1,1
278,0,5.34326970217992,0,1
278,1,2.41076785333722,0,1
278,2,0.996176651162868,0,1
278,3,1.72249589124143,0,1
278,4,-0.727243576543118,0,1
279,0,5.34470529186643,0,1
279,1,3.17516444122932,0,1
279,2,1.81420702261868,0,1
279,3,-0.167705369236993,0,1
279,4,-2.02967425943028,0,1
280,0,7.17376020975104,0,0
280,1,7.31503401024099,0,0
280,2,NA,1,0
280,3,NA,1,0
280,4,NA,1,0
281,0,4.94024162950662,0,1
281,1,3.99370883052578,0,1
281,2,4.03481613379411,0,1
281,3,1.5785282407368,0,1
281,4,-0.0932197888165057,0,1
282,0,7.24716158397759,0,0
282,1,7.69953769766111,0,0
282,2,5.18780670026756,0,0
282,3,NA,1,0
282,4,NA,1,0
283,0,6.73420200700345,0,1
283,1,5.87448786834472,0,1
283,2,4.44033743714731,0,1
283,3,4.08473710153387,0,1
283,4,NA,1,1
284,0,5.9683339784251,0,1
284,1,5.38057270584447,0,1
284,2,2.37049015790567,0,1
284,3,2.63499974532678,0,1
284,4,1.8196059932465,0,1
285,0,5.54491595352507,0,1
285,1,4.75592366569094,0,1
285,2,3.79625053378779,0,1
285,3,NA,1,1
285,4,NA,1,1
286,0,5.25004092742144,0,1
286,1,4.61686622725545,0,1
286,2,3.46971042767515,0,1
286,3,3.01611855597035,0,1
286,4,2.4297718573228,0,1
287,0,7.91676738669227,0,1
287,1,5.91601640214599,0,1
287,2,NA,1,1
287,3,NA,1,1
287,4,NA,1,1
288,0,8.41472920923895,0,0
288,1,7.26725238268275,0,0
288,2,6.54854652554276,0,0
288,3,NA,1,0
288,4,NA,1,0
289,0,6.79310398237609,0,1
289,1,NA,1,1
289,2,NA,1,1
289,3,NA,1,1
289,4,NA,1,1
290,0,8.16919498128374,0,1
290,1,5.75395840939961,0,1
290,2,NA,1,1
290,3,NA,1,1
290,4,NA,1,1
291,0,6.33319135449272,0,1
291,1,3.71125759096313,0,1
291,2,2.70312212626271,0,1
291,3,1.70476199577242,0,1
291,4,0.922426613263396,0,1
292,0,7.45481805324911,0,0
292,1,5.85127063231711,0,0
292,2,3.61688052775262,0,0
292,3,5.03339549112032,0,0
292,4,3.42988416062519,0,0
293,0,6.61989297126043,0,1
293,1,5.60156872893871,0,1
293,2,4.85975980681813,0,1
293,3,1.21295613152287,0,1
293,4,2.42152783900604,0,1
294,0,5.97208928552397,0,1
294,1,6.5251205835881,0,1
294,2,NA,1,1
294,3,NA,1,1
294,4,NA,1,1
295,0,5.81165064264528,0,0
295,1,5.50398470797717,0,0
295,2,4.47498513238407,0,0
295,3,3.15801486072334,0,0
295,4,3.31535222179349,0,0
296,0,4.9596583399307,0,1
296,1,4.86550285063256,0,1
296,2,3.21108016951231,0,1
296,3,1.62935756969084,0,1
296,4,2.24937331999873,0,1
297,0,8.15582535099946,0,0
297,1,6.69694458807213,0,0
297,2,5.25408462323256,0,0
297,3,4.4384860358456,0,0
297,4,NA,1,0
298,0,6.15769194548866,0,1
298,1,4.22339476616154,0,1
298,2,1.59688529405783,0,1
298,3,0.445774915823421,0,1
298,4,-0.14931466094029,0,1
299,0,6.03005743481037,0,1
299,1,5.78668357389949,0,1
299,2,4.09343981154063,0,1
299,3,2.74000548128377,0,1
299,4,1.72348146651357,0,1
300,0,6.80709089313095,0,1
300,1,6.27840330131242,0,1
300,2,3.35662575314574,0,1
300,3,1.4128842682274,0,1
300,4,-0.310130308773975,0,1
301,0,6.12416054242739,0,1
301,1,5.51952593952122,0,1
301,2,5.85245630873346,0,1
301,3,NA,1,1
301,4,NA,1,1
302,0,6.84521077780116,0,1
302,1,6.38117016968013,0,1
302,2,NA,1,1
302,3,NA,1,1
302,4,NA,1,1
303,0,7.186912183718,0,1
303,1,3.52830533384449,0,1
303,2,1.15978296929275,0,1
303,3,2.76333998419578,0,1
303,4,-1.2240187840759,0,1
304,0,6.04073273325961,0,1
304,1,4.80988504211142,0,1
304,2,0.799710552573344,0,1
304,3,1.78172234699716,0,1
304,4,0.942102928151502,0,1
305,0,7.21299024491467,0,1
305,1,5.59920702818341,0,1
305,2,3.66765231706674,0,1
305,3,3.76610944969688,0,1
305,4,NA,1,1
306,0,6.57609090243403,0,1
306,1,4.2242743041761,0,1
306,2,NA,1,1
306,3,NA,1,1
306,4,NA,1,1
307,0,6.43839771072717,0,1
307,1,NA,1,1
307,2,NA,1,1
307,3,NA,1,1
307,4,NA,1,1
308,0,6.93211005556331,0,1
308,1,5.35785729123719,0,1
308,2,3.64927924938747,0,1
308,3,4.68848953270778,0,1
308,4,NA,1,1
309,0,6.88493180752022,0,1
309,1,5.6544083278388,0,1
309,2,4.51788752278264,0,1
309,3,NA,1,1
309,4,NA,1,1
310,0,5.69215053289594,0,1
310,1,5.41822116796496,0,1
310,2,3.30049022484582,0,1
310,3,2.83570110974485,0,1
310,4,2.07996065689353,0,1
311,0,7.70374778814033,0,1
311,1,NA,1,1
311,2,NA,1,1
311,3,NA,1,1
311,4,NA,1,1
312,0,5.47089545314575,0,1
312,1,4.31777586674178,0,1
312,2,2.0981093297441,0,1
312,3,1.69512156598205,0,1
312,4,0.084151566416383,0,1
313,0,5.60428941103076,0,0
313,1,5.89351750768321,0,0
313,2,NA,1,0
313,3,NA,1,0
313,4,NA,1,0
314,0,7.56773247052127,0,1
314,1,6.7633295940969,0,1
314,2,NA,1,1
314,3,NA,1,1
314,4,NA,1,1
315,0,7.10043575453926,0,1
315,1,5.14215448984593,0,1
315,2,NA,1,1
315,3,NA,1,1
315,4,NA,1,1
316,0,7.60627819677379,0,0
316,1,6.77444574226275,0,0
316,2,NA,1,0
316,3,NA,1,0
316,4,NA,1,0
317,0,7.1421481663032,0,1
317,1,5.04316070223103,0,1
317,2,3.93492109239032,0,1
317,3,3.91990095332555,0,1
317,4,1.65082623494965,0,1
318,0,6.59065089838936,0,1
318,1,NA,1,1
318,2,NA,1,1
318,3,NA,1,1
318,4,NA,1,1
319,0,5.42144097110869,0,1
319,1,3.17229518802579,0,1
319,2,2.34817934926496,0,1
319,3,2.14320866088996,0,1
319,4,0.588300374361998,0,1
320,0,6.49662890930235,0,0
320,1,6.58977460604714,0,0
320,2,NA,1,0
320,3,NA,1,0
320,4,NA,1,0
321,0,6.30519992774462,0,1
321,1,5.03499803735918,0,1
321,2,2.66590707210744,0,1
321,3,0.553970816850039,0,1
321,4,-1.22987541145307,0,1
322,0,5.35233230010653,0,1
322,1,5.10131332370454,0,1
322,2,2.07926619463581,0,1
322,3,3.36720118140264,0,1
322,4,0.045544386562172,0,1
323,0,7.13663043715149,0,1
323,1,6.40799005788156,0,1
323,2,3.58938826894952,0,1
323,3,2.33506352400617,0,1
323,4,NA,1,1
324,0,5.82395640011911,0,1
324,1,5.55746093308605,0,1
324,2,3.06313047101434,0,1
324,3,1.32283437345664,0,1
324,4,0.10827407529893,0,1
325,0,6.43933234621775,0,1
325,1,4.10326649994424,0,1
325,2,2.98787482487685,0,1
325,3,2.05865629591571,0,1
325,4,-1.47567657516887,0,1
326,0,6.52859983839847,0,0
326,1,4.87846988719553,0,0
326,2,5.85463902375053,0,0
326,3,NA,1,0
326,4,NA,1,0
327,0,6.9550397046141,0,1
327,1,5.23485343905281,0,1
327,2,6.22004836759679,0,1
327,3,2.79608207789183,0,1
327,4,2.01973587916063,0,1
328,0,7.09480983591517,0,1
328,1,6.94470530222722,0,1
328,2,3.96194814355289,0,1
328,3,NA,1,1
328,4,NA,1,1
329,0,5.66504117349377,0,1
329,1,6.09623049587208,0,1
329,2,NA,1,1
329,3,NA,1,1
329,4,NA,1,1
330,0,7.5984320546312,0,1
330,1,4.74247386082995,0,1
330,2,3.49829907632018,0,1
330,3,2.26457520919793,0,1
330,4,NA,1,1
331,0,8.59654536142166,0,1
331,1,4.35104633084202,0,1
331,2,4.30451902391718,0,1
331,3,3.13875684687046,0,1
331,4,NA,1,1
332,0,8.98480317288574,0,0
332,1,6.33960805210126,0,0
332,2,6.12279601000006,0,0
332,3,NA,1,0
332,4,NA,1,0
333,0,5.19617599996095,0,1
333,1,3.50375704790891,0,1
333,2,0.0771701101511031,0,1
333,3,0.485732434707366,0,1
333,4,-2.70799446048939,0,1
334,0,8.00870263635069,0,1
334,1,5.54726459527654,0,1
334,2,2.52573911591144,0,1
334,3,2.08101085354704,0,1
334,4,2.32205765512044,0,1
335,0,6.44726712209373,0,1
335,1,5.50942964567724,0,1
335,2,4.91636969724308,0,1
335,3,3.38316291170424,0,1
335,4,NA,1,1
336,0,6.26362281845541,0,1
336,1,5.48552384628858,0,1
336,2,4.94269950873305,0,1
336,3,3.2007338885591,0,1
336,4,NA,1,1
337,0,4.47288862482832,0,0
337,1,6.12587550842621,0,0
337,2,3.25094117266881,0,0
337,3,3.44014972285316,0,0
337,4,1.97082569842382,0,0
338,0,4.88656397168087,0,1
338,1,1.79367703478287,0,1
338,2,0.922132558388116,0,1
338,3,-1.01249277817994,0,1
338,4,-1.99866402774992,0,1
339,0,6.67345110389031,0,1
339,1,6.65361952238294,0,1
339,2,NA,1,1
339,3,NA,1,1
339,4,NA,1,1
340,0,7.36881761898901,0,0
340,1,7.32412888446936,0,0
340,2,6.11315925767383,0,0
340,3,5.49358455078018,0,0
340,4,NA,1,0
341,0,5.81578164931213,0,1
341,1,5.47903483184478,0,1
341,2,4.70834918172434,0,1
341,3,NA,1,1
341,4,NA,1,1
342,0,5.67312839898951,0,1
342,1,4.00991423687777,0,1
342,2,0.932953184430651,0,1
342,3,-1.57255340872179,0,1
342,4,-2.78860101491902,0,1
343,0,7.13952233373014,0,0
343,1,7.22468910153278,0,0
343,2,5.27792678852614,0,0
343,3,5.58191914319657,0,0
343,4,NA,1,0
344,0,6.50284608821871,0,0
344,1,5.79813604648236,0,0
344,2,5.21687330467943,0,0
344,3,NA,1,0
344,4,NA,1,0
345,0,4.86715140456041,0,1
345,1,5.7124059349967,0,1
345,2,NA,1,1
345,3,NA,1,1
345,4,NA,1,1
346,0,6.20382702332377,0,1
346,1,5.75677285679354,0,1
346,2,NA,1,1
346,3,NA,1,1
346,4,NA,1,1
347,0,7.08437904216799,0,0
347,1,6.36029688556391,0,0
347,2,5.26076302988011,0,0
347,3,3.86322201958287,0,0
347,4,3.42975557571122,0,0
348,0,6.53538756765832,0,0
348,1,5.42072241337764,0,0
348,2,4.13407634820739,0,0
348,3,3.56902614551849,0,0
348,4,2.27077988911036,0,0
349,0,6.142787102375,0,1
349,1,4.74377767511806,0,1
349,2,4.00403714079313,0,1
349,3,2.31890556075198,0,1
349,4,1.01838663044957,0,1
350,0,6.15607352304287,0,0
350,1,4.69528511828069,0,0
350,2,4.85134604204984,0,0
350,3,4.56011894933726,0,0
350,4,2.9523051302052,0,0
351,0,5.05675406956258,0,1
351,1,4.92092311544871,0,1
351,2,2.62645940057721,0,1
351,3,2.11495030845131,0,1
351,4,0.467999007092025,0,1
352,0,7.817871929587,0,1
352,1,6.34965539009657,0,1
352,2,3.805969741497,0,1
352,3,3.02440224014129,0,1
352,4,NA,1,1
353,0,6.53434185990651,0,0
353,1,7.42740495942854,0,0
353,2,7.09202439467731,0,0
353,3,NA,1,0
353,4,NA,1,0
354,0,7.21220139710141,0,1
354,1,5.61423483540632,0,1
354,2,NA,1,1
354,3,NA,1,1
354,4,NA,1,1
355,0,6.88422046525044,0,1
355,1,NA,1,1
355,2,NA,1,1
355,3,NA,1,1
355,4,NA,1,1
356,0,4.08490762851467,0,1
356,1,5.59435643983813,0,1
356,2,4.50880240139619,0,1
356,3,0.876473464408513,0,1
356,4,3.32008012029424,0,1
357,0,5.82574491381201,0,1
357,1,4.33573105390292,0,1
357,2,1.28332757186857,0,1
357,3,1.17773837590014,0,1
357,4,1.53496541779047,0,1
358,0,6.84205167111981,0,1
358,1,NA,1,1
358,2,NA,1,1
358,3,NA,1,1
358,4,NA,1,1
359,0,7.60099088102476,0,1
359,1,5.56868068947481,0,1
359,2,NA,1,1
359,3,NA,1,1
359,4,NA,1,1
360,0,4.98856185155634,0,0
360,1,6.39189940631375,0,0
360,2,6.08836459602713,0,0
360,3,5.20514644219818,0,0
360,4,NA,1,0
361,0,6.68596493078114,0,1
361,1,5.64761941652755,0,1
361,2,3.85194412347529,0,1
361,3,NA,1,1
361,4,NA,1,1
362,0,6.31619421503022,0,1
362,1,3.98787274886513,0,1
362,2,NA,1,1
362,3,NA,1,1
362,4,NA,1,1
363,0,5.18843670371914,0,1
363,1,5.72912416452013,0,1
363,2,4.83138389109309,0,1
363,3,2.87981737837693,0,1
363,4,NA,1,1
364,0,8.2471182181014,0,1
364,1,5.43217938381643,0,1
364,2,5.23627257879366,0,1
364,3,NA,1,1
364,4,NA,1,1
365,0,6.82555254367856,0,1
365,1,4.67091171793336,0,1
365,2,2.73530193152155,0,1
365,3,NA,1,1
365,4,NA,1,1
366,0,6.85946689483784,0,1
366,1,4.65901929042965,0,1
366,2,2.93643737543821,0,1
366,3,1.99732608104615,0,1
366,4,1.23023410919627,0,1
367,0,6.40014717249965,0,0
367,1,6.17811020223331,0,0
367,2,5.66074220318006,0,0
367,3,4.37459753679709,0,0
367,4,4.45111142086413,0,0
368,0,5.40084201964241,0,1
368,1,5.99340345778444,0,1
368,2,2.4325330699089,0,1
368,3,1.65608199589717,0,1
368,4,0.453075383204547,0,1
369,0,4.95054359789595,0,0
369,1,5.68623374860571,0,0
369,2,3.6698822544571,0,0
369,3,4.58978344640328,0,0
369,4,3.86769492331658,0,0
370,0,5.58849416439315,0,1
370,1,4.80606489198925,0,1
370,2,4.29764712232625,0,1
370,3,NA,1,1
370,4,NA,1,1
371,0,6.46128722535387,0,1
371,1,5.69291122264161,0,1
371,2,3.30794978958337,0,1
371,3,1.46376254545898,0,1
371,4,-0.233159525154143,0,1
372,0,6.00537866284289,0,0
372,1,6.92142450501694,0,0
372,2,5.16170181848283,0,0
372,3,NA,1,0
372,4,NA,1,0
373,0,7.19157996017961,0,0
373,1,4.4366421733179,0,0
373,2,4.45836027216417,0,0
373,3,4.92822195070096,0,0
373,4,NA,1,0
374,0,7.8005655806672,0,1
374,1,5.15390564709573,0,1
374,2,NA,1,1
374,3,NA,1,1
374,4,NA,1,1
375,0,5.3955633338043,0,1
375,1,3.59398474339928,0,1
375,2,2.75614204664593,0,1
375,3,0.520747003759245,0,1
375,4,-1.71015185889504,0,1
376,0,7.53503332899757,0,1
376,1,4.48416613016407,0,1
376,2,3.43468683554801,0,1
376,3,2.58457339943451,0,1
376,4,1.54434617337517,0,1
377,0,5.72252354770668,0,1
377,1,5.72362222912152,0,1
377,2,NA,1,1
377,3,NA,1,1
377,4,NA,1,1
378,0,6.79651864929538,0,0
378,1,6.86829918381593,0,0
378,2,4.90320449423131,0,0
378,3,3.47032100328245,0,0
378,4,2.94172346351424,0,0
379,0,8.75490917755717,0,1
379,1,5.27134813812561,0,1
379,2,5.23859296060064,0,1
379,3,NA,1,1
379,4,NA,1,1
380,0,7.2527489421714,0,1
380,1,4.73138206632984,0,1
380,2,4.67158014841659,0,1
380,3,3.57305373965964,0,1
380,4,2.09218461216923,0,1
381,0,6.03537721533756,0,1
381,1,5.22801553092017,0,1
381,2,3.76620681579675,0,1
381,3,NA,1,1
381,4,NA,1,1
382,0,6.39283190143773,0,0
382,1,4.54236845390932,0,0
382,2,4.35992520447223,0,0
382,3,1.24811515514608,0,0
382,4,1.46518661174346,0,0
383,0,7.43485312481115,0,1
383,1,5.73465485656247,0,1
383,2,1.72044780392594,0,1
383,3,0.995549173897282,0,1
383,4,-0.764255639658548,0,1
384,0,8.23714116181747,0,1
384,1,NA,1,1
384,2,NA,1,1
384,3,NA,1,1
384,4,NA,1,1
385,0,7.00415676877987,0,0
385,1,8.14852686688243,0,0
385,2,NA,1,0
385,3,NA,1,0
385,4,NA,1,0
386,0,6.11841496623556,0,0
386,1,3.99800426301698,0,0
386,2,2.89852948350084,0,0
386,3,2.0183952012346,0,0
386,4,-0.430149096996922,0,0
387,0,5.96526821483492,0,1
387,1,6.38055998785077,0,1
387,2,NA,1,1
387,3,NA,1,1
387,4,NA,1,1
388,0,6.35741772102604,0,1
388,1,NA,1,1
388,2,NA,1,1
388,3,NA,1,1
388,4,NA,1,1
389,0,7.32297639418971,0,0
389,1,5.92908975986106,0,0
389,2,6.32717192226119,0,0
389,3,NA,1,0
389,4,NA,1,0
390,0,8.41666368220858,0,1
390,1,6.21559322409973,0,1
390,2,4.9810228429147,0,1
390,3,4.22077904119495,0,1
390,4,3.33185108838261,0,1
391,0,5.6342319235853,0,0
391,1,6.86004742079815,0,0
391,2,4.89914642336639,0,0
391,3,3.50018540347065,0,0
391,4,3.46632696136936,0,0
392,0,7.57453126189746,0,0
392,1,5.12199529615296,0,0
392,2,6.54178985825705,0,0
392,3,NA,1,0
392,4,NA,1,0
393,0,7.06376388474393,0,0
393,1,NA,1,0
393,2,NA,1,0
393,3,NA,1,0
393,4,NA,1,0
394,0,8.01216246929448,0,1
394,1,NA,1,1
394,2,NA,1,1
394,3,NA,1,1
394,4,NA,1,1
395,0,4.64911645464643,0,1
395,1,3.63796880125978,0,1
395,2,3.11968244071083,0,1
395,3,3.10626549680128,0,1
395,4,-0.1163879354959,0,1
396,0,5.18814810643968,0,1
396,1,NA,1,1
396,2,NA,1,1
396,3,NA,1,1
396,4,NA,1,1
397,0,8.15722399004551,0,1
397,1,NA,1,1
397,2,NA,1,1
397,3,NA,1,1
397,4,NA,1,1
398,0,6.96197396952519,0,1
398,1,6.46418538747736,0,1
398,2,3.60699065201038,0,1
398,3,NA,1,1
398,4,NA,1,1
399,0,6.71809546918611,0,1
399,1,4.70677317335123,0,1
399,2,2.4565242348898,0,1
399,3,0.680653697297647,0,1
399,4,0.745675358815173,0,1
400,0,5.30476470865266,0,1
400,1,4.85165176804043,0,1
400,2,3.8087236686667,0,1
400,3,2.61953405628094,0,1
400,4,-0.496851772777534,0,1
401,0,5.44702672135844,0,1
401,1,3.84742475483931,0,1
401,2,4.34519926320509,0,1
401,3,2.34792977424389,0,1
401,4,NA,1,1
402,0,7.03126719626455,0,1
402,1,4.96146721436477,0,1
402,2,4.64273166932792,0,1
402,3,NA,1,1
402,4,NA,1,1
403,0,7.14681540271856,0,1
403,1,4.24115721245431,0,1
403,2,4.6993397951036,0,1
403,3,2.65274749066436,0,1
403,4,2.57493802598124,0,1
404,0,7.48389147615044,0,1
404,1,2.97764259924228,0,1
404,2,1.90431115054844,0,1
404,3,2.45909852784772,0,1
404,4,-0.538464729349866,0,1
405,0,6.90295207699025,0,1
405,1,6.47869952517074,0,1
405,2,NA,1,1
405,3,NA,1,1
405,4,NA,1,1
406,0,6.45585919253777,0,1
406,1,4.02139446394152,0,1
406,2,3.99085432765506,0,1
406,3,3.58855787604762,0,1
406,4,2.40057630940092,0,1
407,0,6.16159449464953,0,0
407,1,4.80015438357794,0,0
407,2,5.212590575161,0,0
407,3,6.22257854651805,0,0
407,4,NA,1,0
408,0,6.88122315873042,0,1
408,1,NA,1,1
408,2,NA,1,1
408,3,NA,1,1
408,4,NA,1,1
409,0,5.35320801606202,0,0
409,1,5.08985595105346,0,0
409,2,4.93932648895784,0,0
409,3,3.17693766790585,0,0
409,4,3.03178303210201,0,0
410,0,4.81681432988605,0,1
410,1,5.36842759346435,0,1
410,2,3.42824939141417,0,1
410,3,0.407231041878661,0,1
410,4,NA,1,1
411,0,6.33268674728574,0,1
411,1,NA,1,1
411,2,NA,1,1
411,3,NA,1,1
411,4,NA,1,1
412,0,5.50473874721528,0,1
412,1,4.59108364508064,0,1
412,2,4.10247879684731,0,1
412,3,0.220564374361045,0,1
412,4,-0.175979550201472,0,1
413,0,7.09177363810318,0,1
413,1,3.81755537950566,0,1
413,2,2.75764661594096,0,1
413,3,1.30828520833226,0,1
413,4,0.722449887257896,0,1
414,0,6.16452971279348,0,1
414,1,NA,1,1
414,2,NA,1,1
414,3,NA,1,1
414,4,NA,1,1
415,0,4.93501815577019,0,1
415,1,4.36286908157254,0,1
415,2,1.64713142901283,0,1
415,3,-0.142301208786136,0,1
415,4,-1.97524010816966,0,1
416,0,6.4731451355835,0,0
416,1,6.9469107701771,0,0
416,2,5.58838371583674,0,0
416,3,NA,1,0
416,4,NA,1,0
417,0,4.96688965296709,0,1
417,1,3.70610972333402,0,1
417,2,1.68403824016845,0,1
417,3,0.945438786457434,0,1
417,4,1.00601058262738,0,1
418,0,4.29360741673623,0,1
418,1,5.03580570206631,0,1
418,2,3.47788137317587,0,1
418,3,2.32979150498475,0,1
418,4,1.49373286286736,0,1
419,0,6.99248777669488,0,1
419,1,3.79591059357783,0,1
419,2,3.94783131639829,0,1
419,3,NA,1,1
419,4,NA,1,1
420,0,6.52542149553444,0,1
420,1,5.17008601674028,0,1
420,2,NA,1,1
420,3,NA,1,1
420,4,NA,1,1
421,0,5.8104945230956,0,0
421,1,4.54071109276341,0,0
421,2,5.22326125519979,0,0
421,3,3.02193132058588,0,0
421,4,0.345617841996206,0,0
422,0,7.33383486196404,0,1
422,1,3.80458660225245,0,1
422,2,4.07103357091407,0,1
422,3,2.4411049580671,0,1
422,4,1.74148492971832,0,1
423,0,6.08667121226754,0,1
423,1,6.31898589767817,0,1
423,2,NA,1,1
423,3,NA,1,1
423,4,NA,1,1
424,0,5.54010681515253,0,1
424,1,5.28378322241969,0,1
424,2,4.21680047627149,0,1
424,3,NA,1,1
424,4,NA,1,1
425,0,5.58276676769659,0,1
425,1,4.42015458052969,0,1
425,2,2.65107935190712,0,1
425,3,0.511920540780868,0,1
425,4,0.888896840987529,0,1
426,0,5.76814480448366,0,0
426,1,5.48495410650677,0,0
426,2,3.95327236557449,0,0
426,3,3.88230446132221,0,0
426,4,3.78374946246746,0,0
427,0,5.93058866713083,0,0
427,1,6.60492700764823,0,0
427,2,6.80072979573555,0,0
427,3,NA,1,0
427,4,NA,1,0
428,0,6.88031393551009,0,1
428,1,5.36572719210154,0,1
428,2,4.04404195023777,0,1
428,3,NA,1,1
428,4,NA,1,1
429,0,5.23801830819869,0,1
429,1,5.28981424062454,0,1
429,2,1.374092943361,0,1
429,3,4.14205577320614,0,1
429,4,0.679104442627737,0,1
430,0,8.16885247347935,0,1
430,1,5.96030516216704,0,1
430,2,5.55351484604784,0,1
430,3,NA,1,1
430,4,NA,1,1
431,0,7.07214240161789,0,1
431,1,5.29087617318596,0,1
431,2,2.96755195522572,0,1
431,3,1.33138154356886,0,1
431,4,0.0486769602968095,0,1
432,0,5.81472624724419,0,1
432,1,4.45191930074115,0,1
432,2,2.47347749056683,0,1
432,3,0.451059492659427,0,1
432,4,-0.26757473556937,0,1
433,0,6.74879133213405,0,1
433,1,5.85590164834209,0,1
433,2,NA,1,1
433,3,NA,1,1
433,4,NA,1,1
434,0,5.07625394954069,0,1
434,1,5.06256863213911,0,1
434,2,2.6400186557137,0,1
434,3,2.73483515110928,0,1
434,4,1.20660029853893,0,1
435,0,4.29030616299714,0,1
435,1,4.30935589577743,0,1
435,2,NA,1,1
435,3,NA,1,1
435,4,NA,1,1
436,0,6.72929461968436,0,1
436,1,4.02923563133709,0,1
436,2,3.19838882880369,0,1
436,3,2.50098145461229,0,1
436,4,0.7214761428705,0,1
437,0,5.90585001100247,0,1
437,1,5.32425821240928,0,1
437,2,NA,1,1
437,3,NA,1,1
437,4,NA,1,1
