"id","d","time","y"
1,1,0,7.90650613654224
1,1,1,5.1023952774347
1,1,2,3.59411980008171
1,1,3,2.28001826094312
1,1,4,NA
2,0,0,6.72653200763759
2,0,1,6.72065223095411
2,0,2,5.9835925724692
2,0,3,6.16646700970215
2,0,4,5.17978392954652
3,0,0,NA
3,0,1,NA
3,0,2,4.64071715833387
3,0,3,NA
3,0,4,3.1238857589212
4,0,0,8.10349862789431
4,0,1,8.00021483525656
4,0,2,6.56982520365216
4,0,3,NA
4,0,4,5.25061499639186
5,1,0,6.77655986208762
5,1,1,6.33874143773376
5,1,2,4.98414776330215
5,1,3,4.56056983790433
5,1,4,3.05027734271247
6,1,0,6.16549270252272
6,1,1,4.52130104264415
6,1,2,2.29380311707887
6,1,3,0.398800397689743
6,1,4,NA
7,1,0,7.85011937107892
7,1,1,NA
7,1,2,5.79070619164834
7,1,3,3.95714487056805
7,1,4,NA
8,1,0,6.88497346097696
8,1,1,4.14608268267417
8,1,2,4.67224109379125
8,1,3,1.12873749578762
8,1,4,NA
9,1,0,5.81579514739775
9,1,1,5.83137646481069
9,1,2,4.17957881167959
9,1,3,1.05650469420197
9,1,4,NA
10,0,0,7.22057939848993
10,0,1,7.73547387310122
10,0,2,3.69918565394689
10,0,3,5.8411529928372
10,0,4,2.64883905312113
11,1,0,6.46388424682782
11,1,1,4.87904911345505
11,1,2,NA
11,1,3,NA
11,1,4,-0.568961383333086
12,1,0,7.01567018886011
12,1,1,4.79139677161038
12,1,2,NA
12,1,3,NA
12,1,4,NA
13,1,0,6.52401281011228
13,1,1,4.82113414244842
13,1,2,3.67810876543306
13,1,3,3.38462044654767
13,1,4,4.40454450933653
14,1,0,7.16072766871073
14,1,1,5.5203185766593
14,1,2,5.919372700645
14,1,3,3.3694585076957
14,1,4,4.46991345500875
15,1,0,5.97815242949168
15,1,1,4.34222416043235
15,1,2,3.97099185231931
15,1,3,4.44518948003558
15,1,4,2.31667765447032
16,1,0,6.75948487947036
16,1,1,7.33772816140588
16,1,2,5.1400032529759
16,1,3,5.09718173931665
16,1,4,4.28935689943775
17,1,0,9.12955809584367
17,1,1,5.13582152160208
17,1,2,NA
17,1,3,NA
17,1,4,5.63776419999461
18,1,0,6.83451469793072
18,1,1,4.00930242924654
18,1,2,5.50617069875589
18,1,3,4.72059274492644
18,1,4,NA
19,1,0,5.57744687408038
19,1,1,6.50160101459502
19,1,2,3.70891333463906
19,1,3,4.69323751078649
19,1,4,0.718665414744782
20,0,0,7.26902887437871
20,0,1,5.28850193416905
20,0,2,6.59524831828502
20,0,3,5.35534230100752
20,0,4,5.62695290282389
21,1,0,5.45053128780415
21,1,1,4.41274200715726
21,1,2,3.6887224337481
21,1,3,1.73385236579777
21,1,4,1.63209989102982
22,1,0,5.30080970580725
22,1,1,5.86464809487471
22,1,2,3.38456471401107
22,1,3,3.72101854024542
22,1,4,0.827694928422531
23,0,0,5.91467521635481
23,0,1,5.36050375590338
23,0,2,4.84475615209228
23,0,3,4.36764956359228
23,0,4,4.57335487081939
24,1,0,7.16492385482047
24,1,1,6.49985830631571
24,1,2,3.6481935673425
24,1,3,NA
24,1,4,NA
25,1,0,5.23240881119015
25,1,1,4.96664626795241
25,1,2,5.32534308015427
25,1,3,4.21935648604015
25,1,4,4.41233322512573
26,1,0,8.74733274777257
26,1,1,5.62771126136103
26,1,2,5.50008378371592
26,1,3,NA
26,1,4,NA
27,1,0,NA
27,1,1,5.40180938057482
27,1,2,3.5685635982857
27,1,3,2.63333303827932
27,1,4,1.04645680875957
28,1,0,5.73469815786481
28,1,1,3.85900878792451
28,1,2,NA
28,1,3,NA
28,1,4,2.07085516458196
29,1,0,6.95314061287848
29,1,1,4.70401163619973
29,1,2,4.93760451792422
29,1,3,3.20786681928095
29,1,4,NA
30,1,0,7.06484527487128
30,1,1,5.32428183039213
30,1,2,3.7284828318707
30,1,3,3.93005510804111
30,1,4,NA
31,0,0,6.92596248472323
31,0,1,4.96161172615418
31,0,2,3.83368459254868
31,0,3,3.76078185876692
31,0,4,1.4374804276346
32,1,0,6.09182330920185
32,1,1,2.98570702659661
32,1,2,2.60394059449459
32,1,3,2.1162810669543
32,1,4,0.121200308481298
33,1,0,6.43494467953624
33,1,1,4.68176706868449
33,1,2,4.33136179848905
33,1,3,2.69550970401699
33,1,4,1.20934416688719
34,1,0,6.00610693453162
34,1,1,5.09701384198498
34,1,2,3.97369173936524
34,1,3,2.08236130612981
34,1,4,0.687709932555483
35,1,0,5.4676365399761
35,1,1,4.62073728578417
35,1,2,3.82142065983315
35,1,3,4.12432070284662
35,1,4,1.92260680046224
36,1,0,7.085810344146
36,1,1,2.86032998845211
36,1,2,3.66125399587878
36,1,3,3.66744252263831
36,1,4,0.576305372825563
37,0,0,7.29436762600021
37,0,1,6.89752367704254
37,0,2,5.6260398152337
37,0,3,3.56998436376228
37,0,4,4.66780251320096
38,0,0,5.80609061025658
38,0,1,5.83358388033789
38,0,2,5.86681454227548
38,0,3,4.98628298254511
38,0,4,5.68115744173383
39,1,0,6.75106584612968
39,1,1,2.72383582801553
39,1,2,1.41101829406381
39,1,3,-0.223837120201222
39,1,4,-0.951949988054103
40,1,0,NA
40,1,1,6.37220732162693
40,1,2,5.27239723332302
40,1,3,3.38744477794605
40,1,4,3.41106735642383
41,0,0,7.3740324332283
41,0,1,6.42708330027613
41,0,2,8.19654026151383
41,0,3,6.40932242273043
41,0,4,6.93888856313482
42,1,0,5.91233999536983
42,1,1,3.76492740970617
42,1,2,2.83677916273154
42,1,3,0.731995249158415
42,1,4,0.913171601175094
43,0,0,6.43250418406192
43,0,1,6.99229099089006
43,0,2,7.02214654505622
43,0,3,6.19961379923124
43,0,4,6.72348868667328
44,0,0,6.08806034368364
44,0,1,4.76809483260908
44,0,2,2.93014503593053
44,0,3,2.73151605256157
44,0,4,2.90642895974871
45,1,0,NA
45,1,1,4.92333393916991
45,1,2,1.20947221845563
45,1,3,-0.440452301437087
45,1,4,-0.970513882332586
46,1,0,8.05936565365314
46,1,1,5.43230791815654
46,1,2,3.41842497571616
46,1,3,2.64552007136393
46,1,4,0.352291188200586
47,1,0,6.85149348561432
47,1,1,4.98724589755526
47,1,2,NA
47,1,3,2.987827426704
47,1,4,1.98422004636983
48,1,0,7.9807084992458
48,1,1,5.90249179418519
48,1,2,5.24395082995854
48,1,3,4.49771957734665
48,1,4,3.7625396516365
49,1,0,6.82219245213835
49,1,1,4.79951984409202
49,1,2,3.07048952026666
49,1,3,2.86037060832532
49,1,4,1.90892666876658
50,1,0,4.57434461242688
50,1,1,3.97252700869824
50,1,2,1.80867799410889
50,1,3,1.36870243783313
50,1,4,1.49227090416057
51,0,0,6.87489686163684
51,0,1,5.03611339475304
51,0,2,3.59800870907069
51,0,3,2.43444962475296
51,0,4,2.3603864790693
52,0,0,6.60461550742258
52,0,1,5.95442635849987
52,0,2,5.11460423701114
52,0,3,3.51721550483678
52,0,4,4.83987585241647
53,1,0,6.58802382015657
53,1,1,5.63636020710351
53,1,2,6.50168769789656
53,1,3,3.52791246425427
53,1,4,3.15622157526447
54,1,0,7.03815699613216
54,1,1,5.99785777501066
54,1,2,2.16548854964438
54,1,3,1.20059437381905
54,1,4,0.814827364596214
55,1,0,7.52941954616967
55,1,1,7.83159775354678
55,1,2,6.42573307972458
55,1,3,4.88549934242883
55,1,4,3.76852101620465
56,1,0,6.60616159135899
56,1,1,4.40238729260985
56,1,2,4.42428595804431
56,1,3,0.842167130738735
56,1,4,-0.00802082063603685
57,1,0,5.50968762327859
57,1,1,5.1818980029931
57,1,2,5.60873384572212
57,1,3,4.11117267789851
57,1,4,3.02669050481375
58,1,0,6.98642981998726
58,1,1,NA
58,1,2,2.34230489380352
58,1,3,1.22384580935772
58,1,4,NA
59,1,0,6.52641349257277
59,1,1,5.33168088075973
59,1,2,2.83299036801555
59,1,3,NA
59,1,4,NA
60,1,0,NA
60,1,1,6.49587263077351
60,1,2,NA
60,1,3,NA
60,1,4,NA
61,0,0,5.83434212729694
61,0,1,4.70561655028366
61,0,2,4.26254340393381
61,0,3,2.25844294938378
61,0,4,0.96156698710481
62,1,0,6.60197184646616
62,1,1,5.65208776329906
62,1,2,3.3342844764541
62,1,3,3.63053705243358
62,1,4,2.42382019822343
63,0,0,6.14162737829913
63,0,1,7.80004395819743
63,0,2,5.93730988607633
63,0,3,6.68584110877929
63,0,4,7.35282204965603
64,0,0,6.05684019036944
64,0,1,7.04900483247337
64,0,2,6.88877149416546
64,0,3,6.54283501924808
64,0,4,7.91261560870789
65,0,0,4.35501189344956
65,0,1,4.68300972487268
65,0,2,4.5898858063622
65,0,3,2.75374889842014
65,0,4,4.87420141286718
66,1,0,6.52201920914245
66,1,1,NA
66,1,2,NA
66,1,3,NA
66,1,4,4.10051161070627
67,0,0,5.57047681415364
67,0,1,4.97194593107026
67,0,2,4.06215540471568
67,0,3,3.58658895347486
67,0,4,4.90004779049494
68,1,0,NA
68,1,1,6.60692121329941
68,1,2,5.99262785789844
68,1,3,4.55445519606934
68,1,4,3.99876983404419
69,1,0,6.93890785316856
69,1,1,5.78802676824521
69,1,2,5.96362527555678
69,1,3,4.92229336479357
69,1,4,4.03211346134535
70,0,0,5.45427875004203
70,0,1,3.80289699127561
70,0,2,3.55965298823756
70,0,3,5.10245660209432
70,0,4,3.83514836570987
71,1,0,9.21833413476397
71,1,1,6.93502002233358
71,1,2,5.04414457316622
71,1,3,3.64832312140415
71,1,4,2.37016893072902
72,1,0,5.53136133432386
72,1,1,3.46573439626438
72,1,2,-0.0298415917235366
72,1,3,NA
72,1,4,-2.57085833422082
73,1,0,5.66248012140351
73,1,1,4.1185576895274
73,1,2,0.388609168066787
73,1,3,0.141567188153862
73,1,4,-2.65534644582666
74,1,0,6.77906062137275
74,1,1,4.49003850316008
74,1,2,4.68788274282262
74,1,3,3.55511476321077
74,1,4,1.72526960037747
75,1,0,6.15525857764921
75,1,1,6.46441185263001
75,1,2,4.19291722341813
75,1,3,3.98940207354799
75,1,4,3.42347052385584
76,1,0,6.21280726751046
76,1,1,3.94087093014724
76,1,2,4.54201580789355
76,1,3,1.91762276153417
76,1,4,2.20007163903051
77,0,0,6.17905008874886
77,0,1,4.99983266716725
77,0,2,7.10803910057893
77,0,3,5.73855703702574
77,0,4,4.55120575338872
78,1,0,4.73303731031726
78,1,1,4.32990058374071
78,1,2,3.34685041480989
78,1,3,1.49714954992554
78,1,4,-0.190272730771345
79,1,0,7.8783709581818
79,1,1,5.9018897365176
79,1,2,5.12035764065141
79,1,3,NA
79,1,4,NA
80,1,0,6.9897223250815
80,1,1,4.04527856335565
80,1,2,NA
80,1,3,NA
80,1,4,NA
81,0,0,NA
81,0,1,6.21490994353412
81,0,2,4.29926941962506
81,0,3,2.83384178573425
81,0,4,2.0341448036353
82,1,0,8.43008368648841
82,1,1,5.90781309426047
82,1,2,2.36221720782421
82,1,3,3.22259969600019
82,1,4,1.93472273102132
83,1,0,7.79296133787489
83,1,1,5.2486995627824
83,1,2,NA
83,1,3,NA
83,1,4,5.10726684582198
84,1,0,5.31819575184683
84,1,1,5.50436586801692
84,1,2,6.87028338279592
84,1,3,3.01065704069909
84,1,4,NA
85,1,0,6.5430417366173
85,1,1,4.18112215199982
85,1,2,2.72710605898906
85,1,3,1.7790984741396
85,1,4,1.40072995714538
86,1,0,5.1754940211181
86,1,1,4.09259939362809
86,1,2,4.0359114056211
86,1,3,2.11821706742311
86,1,4,0.191358919257431
87,0,0,6.37548295523839
87,0,1,7.58819565500195
87,0,2,3.09052110143525
87,0,3,6.02444926896743
87,0,4,5.24551617712015
88,1,0,8.04948763610926
88,1,1,NA
88,1,2,2.68908457957803
88,1,3,NA
88,1,4,NA
89,0,0,6.17419266124864
89,0,1,5.59357073362034
89,0,2,4.60814882685481
89,0,3,5.67187341039317
89,0,4,2.23232107524844
90,1,0,5.738314241571
90,1,1,2.90207658662062
90,1,2,NA
90,1,3,2.04026633615473
90,1,4,2.32891169969778
91,0,0,7.20732683123017
91,0,1,4.50538283739709
91,0,2,4.44270385762986
91,0,3,4.38437274045394
91,0,4,3.85866635450472
92,0,0,7.25414895237863
92,0,1,5.60953538626193
92,0,2,4.86439427080216
92,0,3,4.70538660565328
92,0,4,NA
93,1,0,5.7144890766042
93,1,1,3.37504394890473
93,1,2,2.20916672978185
93,1,3,1.56592790650296
93,1,4,-0.783761070244829
94,1,0,5.65752416805611
94,1,1,4.72339279873854
94,1,2,3.42228618271046
94,1,3,1.39796759977541
94,1,4,2.16708809173654
95,1,0,6.06866841496733
95,1,1,5.45232465091376
95,1,2,4.18566767314855
95,1,3,4.04992575603626
95,1,4,3.00449359456111
96,1,0,8.16652596067078
96,1,1,7.05981805151286
96,1,2,5.54641970999722
96,1,3,4.21673294483568
96,1,4,NA
97,1,0,6.76131786417638
97,1,1,5.79997264922269
97,1,2,3.8805884919408
97,1,3,4.85421672208846
97,1,4,3.9362652276669
98,1,0,4.59482798833889
98,1,1,4.87477799844727
98,1,2,3.43276352882579
98,1,3,1.75378079203194
98,1,4,1.41766153110835
99,1,0,5.95934684051559
99,1,1,4.01749515055948
99,1,2,3.251018583426
99,1,3,2.05753760532007
99,1,4,1.08700340725106
100,1,0,6.51280495249437
100,1,1,4.75863344270783
100,1,2,3.13241340649576
100,1,3,2.85686582420522
100,1,4,1.92214141379346
101,1,0,6.76111005350609
101,1,1,5.64006804213454
101,1,2,3.76613665665291
101,1,3,4.02106206519527
101,1,4,1.81642880153489
102,1,0,6.47769332812692
102,1,1,4.32264694404854
102,1,2,4.519013707787
102,1,3,1.96171425550103
102,1,4,0.716409559961896
103,0,0,5.98932425878652
103,0,1,4.89369491947228
103,0,2,5.14816318890231
103,0,3,2.5568293139472
103,0,4,3.48127966087215
104,1,0,8.78848361084201
104,1,1,5.74889704320608
104,1,2,5.14787520610098
104,1,3,NA
104,1,4,4.72902720559276
105,1,0,7.31848376725141
105,1,1,3.79677817748833
105,1,2,4.56037679997223
105,1,3,2.43043653231283
105,1,4,0.180323740489089
106,0,0,5.81683742030281
106,0,1,4.82030611453908
106,0,2,4.17113071048893
106,0,3,4.65044922880679
106,0,4,5.1232917216628
107,1,0,6.13050100809086
107,1,1,4.94935591136261
107,1,2,3.358010026933
107,1,3,3.36005867425382
107,1,4,3.41411386357542
108,0,0,6.26908834421772
108,0,1,5.25154521831153
108,0,2,4.5010782209526
108,0,3,3.60864543030391
108,0,4,2.68937603819125
109,1,0,NA
109,1,1,NA
109,1,2,NA
109,1,3,NA
109,1,4,NA
110,1,0,6.31439024725207
110,1,1,NA
110,1,2,4.35492204948
110,1,3,1.97690767051335
110,1,4,1.62495815218529
111,1,0,6.04577550115291
111,1,1,2.09179005239758
111,1,2,1.39283013857319
111,1,3,-0.838020125937405
111,1,4,-1.41018052780066
112,1,0,5.32386087038807
112,1,1,5.88550447059859
112,1,2,4.17715644223957
112,1,3,1.80335087292184
112,1,4,1.08361560535394
113,0,0,6.24518208704954
113,0,1,6.32027645149686
113,0,2,5.53375811457883
113,0,3,4.92523888176458
113,0,4,NA
114,1,0,3.90099954407346
114,1,1,2.52577660539256
114,1,2,2.17176191908016
114,1,3,0.405453035697244
114,1,4,-1.5863980572189
115,0,0,4.34996724365439
115,0,1,5.12902233277396
115,0,2,4.34055166328857
115,0,3,2.7716220340335
115,0,4,2.13905137973653
116,0,0,6.04454976955934
116,0,1,4.15954566757383
116,0,2,5.48244413135725
116,0,3,4.07545276267366
116,0,4,3.17500696313194
117,0,0,5.67292533988122
117,0,1,5.00828848894957
117,0,2,4.2613923347202
117,0,3,1.24869910739918
117,0,4,3.60415476369787
118,1,0,5.68017308594777
118,1,1,4.63498856098613
118,1,2,1.1625373337128
118,1,3,NA
118,1,4,NA
119,1,0,7.15642806223843
119,1,1,4.73685136687952
119,1,2,2.83080966950426
119,1,3,0.0563680085030323
119,1,4,-0.282543663751374
120,1,0,7.6234148003488
120,1,1,6.1333312779289
120,1,2,5.61324663813412
120,1,3,3.9296942639477
120,1,4,4.05559034725933
121,1,0,4.40848717576398
121,1,1,NA
121,1,2,1.97550475056504
121,1,3,2.82475176322163
121,1,4,0.693493262822517
122,1,0,7.0365605263623
122,1,1,5.3710927726299
122,1,2,3.84058558369446
122,1,3,3.49937600781331
122,1,4,3.23933119397483
123,1,0,6.54136972698379
123,1,1,2.72893009539994
123,1,2,2.78448197514393
123,1,3,0.10306991355527
123,1,4,-0.685079084387596
124,1,0,NA
124,1,1,5.44548599214613
124,1,2,4.86706810398882
124,1,3,3.72048668036775
124,1,4,NA
125,1,0,6.80565541178672
125,1,1,5.9916626370599
125,1,2,5.36789638139089
125,1,3,NA
125,1,4,2.40803828209462
126,0,0,6.50113399526609
126,0,1,4.8242801240146
126,0,2,6.18195715480382
126,0,3,4.74913168377681
126,0,4,3.91499233863501
127,0,0,5.99726405115873
127,0,1,6.12500641155758
127,0,2,5.8998274200581
127,0,3,5.77208528936649
127,0,4,5.39258732019006
128,1,0,7.57624930437755
128,1,1,5.35822528061187
128,1,2,NA
128,1,3,NA
128,1,4,NA
129,1,0,6.98869823168884
129,1,1,5.10930925150947
129,1,2,2.25861325411202
129,1,3,3.10801341976074
129,1,4,1.81056272510179
130,0,0,5.81026113959689
130,0,1,5.12401716570282
130,0,2,4.40283863132153
130,0,3,4.53506688808559
130,0,4,2.29843444994162
131,1,0,4.9450709546435
131,1,1,3.84189284968196
131,1,2,3.55219237724324
131,1,3,3.33427604492315
131,1,4,-0.0961261495101857
132,1,0,5.81320922512676
132,1,1,4.32997252517673
132,1,2,4.59415944229643
132,1,3,1.8869967767666
132,1,4,NA
133,0,0,7.1184495954926
133,0,1,4.46732843485685
133,0,2,4.58498843237061
133,0,3,4.58383638281068
133,0,4,4.01178249151144
134,1,0,6.3519462291271
134,1,1,6.48424058420983
134,1,2,4.2535009176749
134,1,3,NA
134,1,4,4.67111081095474
135,0,0,7.85102404592309
135,0,1,6.72846175206835
135,0,2,7.50610959357676
135,0,3,6.47177173258681
135,0,4,7.18286675331905
136,0,0,7.60621312310107
136,0,1,6.38189001377386
136,0,2,4.84709673652572
136,0,3,6.29247812910514
136,0,4,5.60940228595791
137,1,0,6.19135692933276
137,1,1,5.03639764804535
137,1,2,3.72335868225544
137,1,3,5.50433181705032
137,1,4,4.60441147963637
138,1,0,6.34314326031435
138,1,1,5.21905436599298
138,1,2,3.40960057634517
138,1,3,3.92061948752994
138,1,4,2.52880315278922
139,1,0,6.38370831044037
139,1,1,3.76084181627685
139,1,2,1.78842754923689
139,1,3,0.323649405503893
139,1,4,-0.175096628216405
140,0,0,5.86551291880747
140,0,1,NA
140,0,2,5.34223094205487
140,0,3,6.37327831174336
140,0,4,5.29535916940381
141,1,0,7.65868011678323
141,1,1,3.24331153144805
141,1,2,NA
141,1,3,NA
141,1,4,NA
142,1,0,6.02488180412724
142,1,1,NA
142,1,2,3.62015816599917
142,1,3,3.58662139773314
142,1,4,3.68418491757167
143,1,0,5.92441859679627
143,1,1,5.63179932812354
143,1,2,4.44002018543011
143,1,3,2.35435523379503
143,1,4,1.52774123725489
144,1,0,7.62528257203841
144,1,1,7.4473006098871
144,1,2,6.56203921021593
144,1,3,6.05540780076574
144,1,4,NA
145,1,0,6.25875421011095
145,1,1,NA
145,1,2,NA
145,1,3,NA
145,1,4,0.161524147515404
146,0,0,NA
146,0,1,5.92861105573476
146,0,2,7.13142118454591
146,0,3,7.30837897177062
146,0,4,5.15404196094951
147,0,0,5.57495305627756
147,0,1,4.78354825758754
147,0,2,1.70169975871446
147,0,3,4.54059254843127
147,0,4,1.40330258616102
148,1,0,8.00586209551664
148,1,1,5.34282710488564
148,1,2,NA
148,1,3,4.80805172561625
148,1,4,4.42297241180376
149,0,0,6.95821416149815
149,0,1,5.20663930637917
149,0,2,5.43864504103699
149,0,3,5.00979502456719
149,0,4,6.36541025736767
150,1,0,6.23132460914489
150,1,1,6.3591134878668
150,1,2,2.34484800884852
150,1,3,0.580990875180674
150,1,4,-0.241800946542712
151,0,0,7.268614931405
151,0,1,3.86266325362712
151,0,2,4.58921767384701
151,0,3,4.65636562817052
151,0,4,3.83737343565856
152,1,0,6.29790789064326
152,1,1,4.091669988293
152,1,2,4.04758747811543
152,1,3,2.24265347454559
152,1,4,NA
153,0,0,6.31045842565509
153,0,1,4.69949855441263
153,0,2,4.98924033006146
153,0,3,3.88490580647834
153,0,4,4.1558934907382
154,1,0,7.08249851177628
154,1,1,4.63415847235808
154,1,2,3.70973432026731
154,1,3,4.4915983400932
154,1,4,NA
155,1,0,5.29970541428445
155,1,1,4.37603305202786
155,1,2,3.06642979584672
155,1,3,1.80351694139743
155,1,4,0.821965799553316
156,0,0,7.23470023611777
156,0,1,5.26060705362207
156,0,2,6.01788487981422
156,0,3,5.59797710676462
156,0,4,4.88267584716913
157,1,0,6.76483528923299
157,1,1,7.54999416248706
157,1,2,4.34945766715308
157,1,3,5.27704651809686
157,1,4,3.24849524942155
158,1,0,5.47375233737022
158,1,1,4.4077358215432
158,1,2,2.97391943221535
158,1,3,2.15945390183745
158,1,4,1.9595635931287
159,0,0,8.3184378945565
159,0,1,5.34815565059697
159,0,2,5.05107665530934
159,0,3,NA
159,0,4,3.52619282400959
160,1,0,5.62097998338616
160,1,1,5.90331056673446
160,1,2,3.2790462120359
160,1,3,NA
160,1,4,3.21747920757822
161,1,0,5.8652771936396
161,1,1,4.0742472138068
161,1,2,2.40871957323898
161,1,3,NA
161,1,4,NA
162,1,0,6.95956013800991
162,1,1,4.8732006591592
162,1,2,4.24193181467734
162,1,3,2.62490531939763
162,1,4,NA
163,0,0,7.11564795289149
163,0,1,4.74922771913345
163,0,2,2.76398524005961
163,0,3,1.3198894936048
163,0,4,2.32347165646882
164,0,0,5.70469972374695
164,0,1,5.09458167697079
164,0,2,3.69688239052071
164,0,3,3.21682260578522
164,0,4,4.51884756960781
165,1,0,7.30031472159622
165,1,1,7.07194440143754
165,1,2,3.77707725338567
165,1,3,2.08968438259804
165,1,4,2.92951613436663
166,1,0,NA
166,1,1,2.80017401206617
166,1,2,0.894731442835003
166,1,3,NA
166,1,4,NA
167,0,0,6.18932504676009
167,0,1,6.52482861959272
167,0,2,6.55596898248303
167,0,3,4.54551895548343
167,0,4,NA
168,1,0,7.9460812820258
168,1,1,5.8238997760031
168,1,2,5.41925343754086
168,1,3,3.49376372710891
168,1,4,2.83518704511978
169,0,0,6.38415337277211
169,0,1,5.22073205844921
169,0,2,6.43991371181335
169,0,3,2.93727393456226
169,0,4,4.60542068004487
170,1,0,6.25604418236185
170,1,1,5.07274715542082
170,1,2,3.7971029520533
170,1,3,3.66171928561162
170,1,4,1.04374860515629
171,0,0,4.47755934569168
171,0,1,5.30543274415131
171,0,2,4.88743710339596
171,0,3,2.87864926174738
171,0,4,3.21002758518684
172,1,0,5.94549334322973
172,1,1,5.68243174434562
172,1,2,3.04982538676583
172,1,3,3.2337042899874
172,1,4,0.917731277453871
173,1,0,5.77537705220637
173,1,1,NA
173,1,2,1.97333568077463
173,1,3,-0.0172106223974098
173,1,4,0.87441383267552
174,1,0,7.61142816045822
174,1,1,6.18633484907147
174,1,2,6.50936882223191
174,1,3,5.41366245866101
174,1,4,4.11094100092871
175,1,0,6.0615231249941
175,1,1,4.59082137865563
175,1,2,2.51129286170081
175,1,3,NA
175,1,4,1.32918939512745
176,1,0,6.20745564866488
176,1,1,7.66815291631305
176,1,2,4.46323710563003
176,1,3,3.40172706441605
176,1,4,3.66828705703194
177,1,0,7.21247943303797
177,1,1,5.84126637320487
177,1,2,2.89657146673238
177,1,3,0.769348231703443
177,1,4,0.26464301857819
178,0,0,6.22977914073979
178,0,1,4.97135668443992
178,0,2,5.01819386941226
178,0,3,4.60709401387415
178,0,4,3.98204182713005
179,0,0,5.66986122695746
179,0,1,4.32464875411047
179,0,2,6.1616114553363
179,0,3,6.1211577922242
179,0,4,4.85076250288182
180,0,0,5.84119997259827
180,0,1,5.25776625716805
180,0,2,6.57870568868416
180,0,3,4.55382233362194
180,0,4,NA
181,1,0,5.10622361120378
181,1,1,NA
181,1,2,3.22273055975181
181,1,3,NA
181,1,4,NA
182,1,0,NA
182,1,1,NA
182,1,2,5.06468958557969
182,1,3,3.31021645421114
182,1,4,NA
183,1,0,6.61030739065843
183,1,1,4.36555112648871
183,1,2,3.69385588333585
183,1,3,2.13411270975777
183,1,4,-0.892079646089302
184,1,0,7.65322921105343
184,1,1,6.28878699179937
184,1,2,6.40308481845732
184,1,3,5.32176440817485
184,1,4,NA
185,0,0,6.24747829300474
185,0,1,5.20081774305019
185,0,2,4.09894283737959
185,0,3,3.06160799743806
185,0,4,4.01599434863725
186,0,0,6.7822292010817
186,0,1,4.42093683674601
186,0,2,4.69601419148785
186,0,3,3.43145003145681
186,0,4,4.27673026772785
187,1,0,6.31170223866171
187,1,1,4.96129689313239
187,1,2,NA
187,1,3,6.27416168406657
187,1,4,5.75975997823876
188,0,0,6.18780158013626
188,0,1,NA
188,0,2,NA
188,0,3,6.16388361025769
188,0,4,5.75210600374492
189,1,0,6.92384393588335
189,1,1,5.6640531304637
189,1,2,5.63048245169702
189,1,3,4.0687966962345
189,1,4,NA
190,1,0,6.26962030258239
190,1,1,6.62670927731646
190,1,2,5.7538086822706
190,1,3,3.77699701143865
190,1,4,5.47616430151225
191,0,0,5.27043704669875
191,0,1,4.19941714878651
191,0,2,4.39258927097298
191,0,3,3.85102877539598
191,0,4,3.71244309305587
192,0,0,6.77774176856646
192,0,1,6.88584019684333
192,0,2,6.0824936390761
192,0,3,5.91068149810162
192,0,4,6.16254490177804
193,1,0,7.54082561902607
193,1,1,8.45453123567395
193,1,2,5.00897005690919
193,1,3,3.03723129217353
193,1,4,NA
194,1,0,7.19565499876621
194,1,1,4.69007173860012
194,1,2,3.79692405494278
194,1,3,NA
194,1,4,-0.206083185201812
195,0,0,6.90180128536156
195,0,1,7.13695183089813
195,0,2,7.00665104500173
195,0,3,6.14973973468444
195,0,4,7.22504816549392
196,1,0,7.06529129210651
196,1,1,6.14306975961266
196,1,2,4.21879362856205
196,1,3,1.67248657627895
196,1,4,1.31737858800567
197,1,0,5.67904685003297
197,1,1,6.17740591359674
197,1,2,4.69089939321325
197,1,3,2.99988618776358
197,1,4,0.517155399681021
198,0,0,4.70653964207826
198,0,1,NA
198,0,2,4.4368046894212
198,0,3,4.78155028050977
198,0,4,NA
199,1,0,4.80243470123982
199,1,1,4.02502785018053
199,1,2,0.996618482060496
199,1,3,1.45279938536569
199,1,4,1.75928203659919
200,1,0,8.18574033312161
200,1,1,6.65565865162424
200,1,2,4.77457465574474
200,1,3,3.49413440742079
200,1,4,NA
201,1,0,6.36520590885522
201,1,1,4.41237958053942
201,1,2,NA
201,1,3,1.92475995968134
201,1,4,2.3481868089802
202,0,0,4.4844888144921
202,0,1,5.17483536924065
202,0,2,3.16983220188615
202,0,3,3.31636968425532
202,0,4,4.93572728685749
203,1,0,6.3749553526699
203,1,1,5.65234059017095
203,1,2,2.38918086456557
203,1,3,NA
203,1,4,-0.112534214050874
204,1,0,6.02496595154762
204,1,1,NA
204,1,2,5.97219885312003
204,1,3,5.0894723261864
204,1,4,5.83913441834751
205,1,0,NA
205,1,1,5.17487368488195
205,1,2,5.28688993054172
205,1,3,1.1414680250316
205,1,4,-0.567615874995657
206,0,0,5.63140989040493
206,0,1,7.09316997190602
206,0,2,5.69504642065184
206,0,3,4.8878853469299
206,0,4,5.63634668713249
207,1,0,6.3363891320746
207,1,1,5.30051855215591
207,1,2,4.87415895281788
207,1,3,4.3241112313079
207,1,4,3.94167573934978
208,1,0,6.8048343597676
208,1,1,5.53974509350346
208,1,2,3.65822992425943
208,1,3,1.46447043388474
208,1,4,1.27100882581791
209,1,0,7.50751578422897
209,1,1,5.37983357472185
209,1,2,3.86284771783066
209,1,3,4.20516283923612
209,1,4,2.74594610903637
210,1,0,6.36078627543799
210,1,1,4.02325249012371
210,1,2,3.9783043602408
210,1,3,1.89406865039282
210,1,4,2.46182464309849
211,1,0,6.51189764347779
211,1,1,4.96534085667086
211,1,2,3.4105429662884
211,1,3,3.32973326173903
211,1,4,2.42539453601781
212,1,0,NA
212,1,1,NA
212,1,2,3.38718003096217
212,1,3,NA
212,1,4,1.94573192195826
213,1,0,7.75530246495258
213,1,1,6.47547094683115
213,1,2,5.13289017185059
213,1,3,6.57262347558959
213,1,4,3.86165698380645
214,1,0,4.83981959590821
214,1,1,4.05063593003054
214,1,2,3.03620048712468
214,1,3,1.8092540161386
214,1,4,1.15375827338629
215,0,0,7.46693450632887
215,0,1,6.18825335991947
215,0,2,5.68706368411551
215,0,3,4.18489573912315
215,0,4,3.99636181738298
216,1,0,8.38496293019764
216,1,1,3.60519558784
216,1,2,2.68484836642103
216,1,3,2.16539398483357
216,1,4,NA
217,1,0,6.55732652480626
217,1,1,6.08015987144908
217,1,2,3.3495571301688
217,1,3,1.88928234465876
217,1,4,0.576636322365775
218,1,0,NA
218,1,1,4.9270683731242
218,1,2,NA
218,1,3,2.13815154501902
218,1,4,NA
219,1,0,7.16128676835644
219,1,1,4.38744446069702
219,1,2,3.31731642818825
219,1,3,3.54763924679609
219,1,4,NA
220,1,0,7.32129415787144
220,1,1,NA
220,1,2,4.46374570483945
220,1,3,4.2884509924008
220,1,4,NA
221,1,0,6.31134323747471
221,1,1,6.58127839766303
221,1,2,4.39818194542652
221,1,3,5.80844658945698
221,1,4,4.53049313550381
222,1,0,5.97275919669156
222,1,1,2.84790494681739
222,1,2,3.94411692218499
222,1,3,1.74306184959302
222,1,4,NA
223,1,0,4.78140130340482
223,1,1,4.43985790892734
223,1,2,5.11115573803217
223,1,3,3.72568367449251
223,1,4,1.63286215310976
224,1,0,5.33199559598564
224,1,1,4.53214848284272
224,1,2,3.13992054660764
224,1,3,0.860385472066417
224,1,4,2.08042568894939
225,0,0,6.85562290959886
225,0,1,4.84101918539699
225,0,2,3.97531550884001
225,0,3,2.82517089097983
225,0,4,3.62266513527698
226,1,0,6.43413838515449
226,1,1,6.74233284712289
226,1,2,3.30503666573781
226,1,3,4.65496889870441
226,1,4,2.32426579018788
227,0,0,5.45001320040984
227,0,1,4.804052446697
227,0,2,6.48660015402953
227,0,3,6.02293792156279
227,0,4,6.90992974352182
228,1,0,7.82155234048638
228,1,1,5.50185581066276
228,1,2,3.14831010642578
228,1,3,1.45762900577091
228,1,4,1.18557475643407
229,1,0,5.31399536927726
229,1,1,4.49001285406319
229,1,2,3.57621753915532
229,1,3,3.60609100118186
229,1,4,2.98711616706819
230,1,0,7.47655963665567
230,1,1,5.23893127917222
230,1,2,3.89692146783874
230,1,3,1.71009236926282
230,1,4,NA
231,1,0,7.90888125905588
231,1,1,7.2110517243107
231,1,2,7.43768884804432
231,1,3,6.28906421205731
231,1,4,3.61178750830839
232,1,0,8.437792894001
232,1,1,7.05280515586073
232,1,2,5.26319374309881
232,1,3,2.79200767308487
232,1,4,3.1963441735751
233,1,0,7.54400179521081
233,1,1,6.23660937518301
233,1,2,NA
233,1,3,NA
233,1,4,3.22115440218843
234,1,0,NA
234,1,1,6.48626185558134
234,1,2,5.12817103728056
234,1,3,4.83093769352568
234,1,4,3.84340779612626
235,1,0,7.04852321444082
235,1,1,7.0420843598465
235,1,2,5.81476651296532
235,1,3,4.60554227835373
235,1,4,4.6526821756161
236,1,0,7.07721211020253
236,1,1,4.45214253634313
236,1,2,NA
236,1,3,NA
236,1,4,-0.215813098387168
237,0,0,7.80605640690241
237,0,1,5.6743552284919
237,0,2,2.77422168237517
237,0,3,5.38419952963031
237,0,4,3.20426682578085
238,0,0,5.90091701418172
238,0,1,6.19234238677571
238,0,2,2.50714620227899
238,0,3,2.80456746233978
238,0,4,3.02011781369746
239,1,0,6.63973476134327
239,1,1,5.49397669151655
239,1,2,3.82448117177779
239,1,3,1.53604518422432
239,1,4,0.667752216752095
240,1,0,4.21647552754833
240,1,1,4.35857778924282
240,1,2,NA
240,1,3,2.91334514277249
240,1,4,2.04772327622687
241,0,0,4.81281086332634
241,0,1,3.38849694846289
241,0,2,2.44101518435531
241,0,3,2.97330507622633
241,0,4,0.16522294788635
242,0,0,6.65889671049989
242,0,1,6.68100055229724
242,0,2,6.87498425673196
242,0,3,5.22928131429136
242,0,4,6.82955316018108
243,0,0,7.28588259720157
243,0,1,5.99961348456857
243,0,2,5.74714531226842
243,0,3,6.65409765984147
243,0,4,6.51124475632847
244,0,0,5.84087471034952
244,0,1,4.68750897312264
244,0,2,3.81769821192149
244,0,3,3.35702494312384
244,0,4,4.09006771514432
245,1,0,7.8237430108217
245,1,1,NA
245,1,2,5.58526008497431
245,1,3,4.1442523521384
245,1,4,5.89842418345835
246,1,0,5.26639682737071
246,1,1,5.87040944233104
246,1,2,2.47100691832566
246,1,3,NA
246,1,4,NA
247,0,0,6.32391549818985
247,0,1,4.50364556576721
247,0,2,3.46579313573818
247,0,3,1.84685028021367
247,0,4,2.11164805503733
248,1,0,7.36095471214034
248,1,1,3.03110135041208
248,1,2,1.82667827963026
248,1,3,NA
248,1,4,NA
249,1,0,6.27559437885479
249,1,1,4.70249917290243
249,1,2,5.65364182790855
249,1,3,3.06794099702523
249,1,4,3.88108692925292
250,0,0,5.16679956518813
250,0,1,5.24108397151783
250,0,2,3.99566833247719
250,0,3,3.96356902751201
250,0,4,3.57355807405991
251,1,0,8.60977500068495
251,1,1,6.68032014582655
251,1,2,5.99570702758847
251,1,3,NA
251,1,4,NA
252,0,0,3.80019503544191
252,0,1,4.66714860159323
252,0,2,6.15834476770334
252,0,3,2.94684339117014
252,0,4,2.17345673626442
253,1,0,8.39647718751424
253,1,1,6.40509356612062
253,1,2,5.72396272030158
253,1,3,3.19602939897525
253,1,4,3.38156884206308
254,1,0,7.48046454657865
254,1,1,6.91217012489928
254,1,2,7.1430905559085
254,1,3,6.51492269352289
254,1,4,7.54331194816102
255,0,0,6.36858267183844
255,0,1,6.5927514585422
255,0,2,4.63995849885554
255,0,3,6.16723052559779
255,0,4,6.1210151367387
256,0,0,6.90082359688338
256,0,1,6.32346269262465
256,0,2,4.81836003739004
256,0,3,4.469181146235
256,0,4,3.33486295721877
257,1,0,7.24673919997006
257,1,1,4.83056799987965
257,1,2,5.48101770558026
257,1,3,6.36200270813754
257,1,4,4.88171972069993
258,1,0,7.13442199285499
258,1,1,5.08549928109754
258,1,2,4.03812718518173
258,1,3,NA
258,1,4,NA
259,1,0,6.99637529542017
259,1,1,5.93464594943015
259,1,2,5.65473734475419
259,1,3,5.82451636850137
259,1,4,5.63124977551958
260,1,0,6.83535802271039
260,1,1,5.06602914039886
260,1,2,4.77554842100573
260,1,3,3.77581907666347
260,1,4,3.78027381446784
261,0,0,6.09432722598239
261,0,1,5.3366477104939
261,0,2,4.2134461151104
261,0,3,4.19662565903034
261,0,4,2.93586589836334
262,0,0,5.33618198050296
262,0,1,5.63465868308968
262,0,2,4.12626016303592
262,0,3,4.50252741510731
262,0,4,2.99923685580638
263,0,0,6.27012930977701
263,0,1,5.42314055246148
263,0,2,6.3924037924468
263,0,3,5.17783957297109
263,0,4,7.27109422506888
264,0,0,7.91058588919165
264,0,1,6.8272942871272
264,0,2,5.92929547477403
264,0,3,8.01902052586797
264,0,4,7.40467289494562
265,1,0,NA
265,1,1,NA
265,1,2,2.94939655130358
265,1,3,NA
265,1,4,NA
266,1,0,5.99170048909537
266,1,1,5.730197448907
266,1,2,3.95873197212928
266,1,3,NA
266,1,4,NA
267,1,0,7.19332725921428
267,1,1,6.30183639677049
267,1,2,3.12473394716554
267,1,3,3.48366812136492
267,1,4,0.826313575125876
268,0,0,6.7997198495113
268,0,1,4.84718074342647
268,0,2,4.94888433552035
268,0,3,2.4844393802527
268,0,4,3.69911185019823
269,0,0,7.42597688058333
269,0,1,8.11020057092617
269,0,2,8.73690952974301
269,0,3,10.0423298468174
269,0,4,9.26934291752483
270,1,0,5.88726948110469
270,1,1,4.41064590642967
270,1,2,NA
270,1,3,2.16894175535582
270,1,4,NA
271,1,0,NA
271,1,1,4.35272230784938
271,1,2,2.59236681436202
271,1,3,1.70570346547996
271,1,4,0.638789083956298
272,1,0,5.52599647028701
272,1,1,4.63987623504027
272,1,2,4.77832218739478
272,1,3,3.55687279759114
272,1,4,0.570364601895532
273,1,0,7.4216938658623
273,1,1,4.01151393422433
273,1,2,3.77388841026969
273,1,3,NA
273,1,4,0.642996254847536
274,0,0,6.74152372081596
274,0,1,5.35837316149727
274,0,2,6.79234564948933
274,0,3,4.08692140517829
274,0,4,6.64627761654217
275,1,0,5.35282209958221
275,1,1,3.2543688185435
275,1,2,NA
275,1,3,0.0313919574307407
275,1,4,-1.64494849375077
276,1,0,6.94792431178619
276,1,1,5.13485488245774
276,1,2,2.87050311325678
276,1,3,2.51502477904036
276,1,4,2.63323588851681
277,1,0,6.73017315695961
277,1,1,NA
277,1,2,NA
277,1,3,NA
277,1,4,NA
278,1,0,5.34326970217992
278,1,1,NA
278,1,2,NA
278,1,3,1.72249589124143
278,1,4,-0.727243576543118
279,1,0,NA
279,1,1,NA
279,1,2,NA
279,1,3,-0.167705369236993
279,1,4,-2.02967425943028
280,0,0,7.17376020975104
280,0,1,7.31503401024099
280,0,2,6.75647181397576
280,0,3,7.09294462648194
280,0,4,NA
281,1,0,4.94024162950662
281,1,1,3.99370883052578
281,1,2,4.03481613379411
281,1,3,1.5785282407368
281,1,4,-0.0932197888165057
282,0,0,7.24716158397759
282,0,1,7.69953769766111
282,0,2,5.18780670026756
282,0,3,4.47563480036592
282,0,4,3.42096486889922
283,1,0,6.73420200700345
283,1,1,5.87448786834472
283,1,2,4.44033743714731
283,1,3,4.08473710153387
283,1,4,5.1977856797354
284,1,0,5.9683339784251
284,1,1,5.38057270584447
284,1,2,2.37049015790567
284,1,3,2.63499974532678
284,1,4,1.8196059932465
285,1,0,NA
285,1,1,NA
285,1,2,NA
285,1,3,NA
285,1,4,NA
286,1,0,5.25004092742144
286,1,1,4.61686622725545
286,1,2,3.46971042767515
286,1,3,3.01611855597035
286,1,4,2.4297718573228
287,1,0,7.91676738669227
287,1,1,5.91601640214599
287,1,2,4.7295125854229
287,1,3,NA
287,1,4,1.09495957134465
288,0,0,8.41472920923895
288,0,1,7.26725238268275
288,0,2,6.54854652554276
288,0,3,7.01586900567249
288,0,4,6.70942731808867
289,1,0,6.79310398237609
289,1,1,6.8184184252367
289,1,2,6.43610873374578
289,1,3,4.73880959212694
289,1,4,3.08058195620884
290,1,0,8.16919498128374
290,1,1,5.75395840939961
290,1,2,4.98475407066429
290,1,3,6.29476488034222
290,1,4,2.91625694685062
291,1,0,6.33319135449272
291,1,1,3.71125759096313
291,1,2,NA
291,1,3,1.70476199577242
291,1,4,0.922426613263396
292,0,0,7.45481805324911
292,0,1,5.85127063231711
292,0,2,3.61688052775262
292,0,3,5.03339549112032
292,0,4,3.42988416062519
293,1,0,6.61989297126043
293,1,1,5.60156872893871
293,1,2,4.85975980681813
293,1,3,1.21295613152287
293,1,4,2.42152783900604
294,1,0,5.97208928552397
294,1,1,6.5251205835881
294,1,2,4.89785075641863
294,1,3,4.27090564881255
294,1,4,2.60710127761347
295,0,0,5.81165064264528
295,0,1,5.50398470797717
295,0,2,4.47498513238407
295,0,3,3.15801486072334
295,0,4,3.31535222179349
296,1,0,4.9596583399307
296,1,1,4.86550285063256
296,1,2,3.21108016951231
296,1,3,1.62935756969084
296,1,4,2.24937331999873
297,0,0,8.15582535099946
297,0,1,6.69694458807213
297,0,2,5.25408462323256
297,0,3,NA
297,0,4,5.34071594117344
298,1,0,6.15769194548866
298,1,1,4.22339476616154
298,1,2,1.59688529405783
298,1,3,NA
298,1,4,-0.14931466094029
299,1,0,6.03005743481037
299,1,1,5.78668357389949
299,1,2,4.09343981154063
299,1,3,2.74000548128377
299,1,4,1.72348146651357
300,1,0,6.80709089313095
300,1,1,6.27840330131242
300,1,2,3.35662575314574
300,1,3,1.4128842682274
300,1,4,-0.310130308773975
301,1,0,6.12416054242739
301,1,1,5.51952593952122
301,1,2,5.85245630873346
301,1,3,4.29051614268826
301,1,4,3.33589706751607
302,1,0,6.84521077780116
302,1,1,6.38117016968013
302,1,2,5.08984834019354
302,1,3,4.96129457678276
302,1,4,4.87403025938897
303,1,0,7.186912183718
303,1,1,3.52830533384449
303,1,2,NA
303,1,3,2.76333998419578
303,1,4,-1.2240187840759
304,1,0,6.04073273325961
304,1,1,4.80988504211142
304,1,2,0.799710552573344
304,1,3,NA
304,1,4,0.942102928151502
305,1,0,7.21299024491467
305,1,1,5.59920702818341
305,1,2,3.66765231706674
305,1,3,3.76610944969688
305,1,4,2.87359447159062
306,1,0,6.57609090243403
306,1,1,4.2242743041761
306,1,2,4.58483585455422
306,1,3,1.69666313126235
306,1,4,NA
307,1,0,6.43839771072717
307,1,1,6.11906253443365
307,1,2,3.871698146926
307,1,3,NA
307,1,4,1.35226586513132
308,1,0,6.93211005556331
308,1,1,5.35785729123719
308,1,2,3.64927924938747
308,1,3,4.68848953270778
308,1,4,4.01085340636145
309,1,0,6.88493180752022
309,1,1,5.6544083278388
309,1,2,4.51788752278264
309,1,3,4.24662956433422
309,1,4,3.78826978776209
310,1,0,NA
310,1,1,5.41822116796496
310,1,2,3.30049022484582
310,1,3,2.83570110974485
310,1,4,2.07996065689353
311,1,0,7.70374778814033
311,1,1,5.13681094147659
311,1,2,2.36906253510181
311,1,3,2.15521137357582
311,1,4,3.71039685209378
312,1,0,5.47089545314575
312,1,1,4.31777586674178
312,1,2,2.0981093297441
312,1,3,1.69512156598205
312,1,4,0.084151566416383
313,0,0,5.60428941103076
313,0,1,5.89351750768321
313,0,2,6.19663807948686
313,0,3,7.2061982091902
313,0,4,5.85279804707308
314,1,0,7.56773247052127
314,1,1,6.7633295940969
314,1,2,7.71472172103617
314,1,3,7.52300299890629
314,1,4,4.90071453030646
315,1,0,7.10043575453926
315,1,1,5.14215448984593
315,1,2,5.29343050606137
315,1,3,3.989741066526
315,1,4,3.69899851327068
316,0,0,7.60627819677379
316,0,1,6.77444574226275
316,0,2,7.55615767428942
316,0,3,6.31378663255767
316,0,4,4.51331045348255
317,1,0,7.1421481663032
317,1,1,5.04316070223103
317,1,2,3.93492109239032
317,1,3,3.91990095332555
317,1,4,1.65082623494965
318,1,0,6.59065089838936
318,1,1,6.48160655404839
318,1,2,4.22369735136524
318,1,3,2.59640411493492
318,1,4,0.805682750059252
319,1,0,5.42144097110869
319,1,1,3.17229518802579
319,1,2,NA
319,1,3,NA
319,1,4,NA
320,0,0,6.49662890930235
320,0,1,6.58977460604714
320,0,2,7.56307198618683
320,0,3,7.00878345315789
320,0,4,8.11753445221431
321,1,0,6.30519992774462
321,1,1,5.03499803735918
321,1,2,2.66590707210744
321,1,3,0.553970816850039
321,1,4,-1.22987541145307
322,1,0,5.35233230010653
322,1,1,5.10131332370454
322,1,2,2.07926619463581
322,1,3,3.36720118140264
322,1,4,0.045544386562172
323,1,0,7.13663043715149
323,1,1,6.40799005788156
323,1,2,3.58938826894952
323,1,3,NA
323,1,4,NA
324,1,0,5.82395640011911
324,1,1,5.55746093308605
324,1,2,3.06313047101434
324,1,3,1.32283437345664
324,1,4,0.10827407529893
325,1,0,NA
325,1,1,4.10326649994424
325,1,2,2.98787482487685
325,1,3,2.05865629591571
325,1,4,NA
326,0,0,6.52859983839847
326,0,1,4.87846988719553
326,0,2,5.85463902375053
326,0,3,7.05759293773785
326,0,4,5.44784438529182
327,1,0,6.9550397046141
327,1,1,5.23485343905281
327,1,2,6.22004836759679
327,1,3,2.79608207789183
327,1,4,2.01973587916063
328,1,0,7.09480983591517
328,1,1,6.94470530222722
328,1,2,3.96194814355289
328,1,3,6.077716329907
328,1,4,4.50291764251536
329,1,0,5.66504117349377
329,1,1,6.09623049587208
329,1,2,5.66441421363561
329,1,3,3.77681986448718
329,1,4,NA
330,1,0,NA
330,1,1,4.74247386082995
330,1,2,3.49829907632018
330,1,3,2.26457520919793
330,1,4,NA
331,1,0,8.59654536142166
331,1,1,4.35104633084202
331,1,2,4.30451902391718
331,1,3,3.13875684687046
331,1,4,0.45048742018538
332,0,0,8.98480317288574
332,0,1,6.33960805210126
332,0,2,6.12279601000006
332,0,3,5.98727120369839
332,0,4,5.36073015582756
333,1,0,5.19617599996095
333,1,1,3.50375704790891
333,1,2,NA
333,1,3,0.485732434707366
333,1,4,-2.70799446048939
334,1,0,8.00870263635069
334,1,1,5.54726459527654
334,1,2,2.52573911591144
334,1,3,2.08101085354704
334,1,4,2.32205765512044
335,1,0,NA
335,1,1,5.50942964567724
335,1,2,4.91636969724308
335,1,3,3.38316291170424
335,1,4,NA
336,1,0,6.26362281845541
336,1,1,5.48552384628858
336,1,2,4.94269950873305
336,1,3,3.2007338885591
336,1,4,3.10442307996065
337,0,0,4.47288862482832
337,0,1,NA
337,0,2,3.25094117266881
337,0,3,3.44014972285316
337,0,4,1.97082569842382
338,1,0,4.88656397168087
338,1,1,1.79367703478287
338,1,2,0.922132558388116
338,1,3,NA
338,1,4,-1.99866402774992
339,1,0,6.67345110389031
339,1,1,6.65361952238294
339,1,2,NA
339,1,3,7.08867556427467
339,1,4,5.9839080494408
340,0,0,7.36881761898901
340,0,1,7.32412888446936
340,0,2,6.11315925767383
340,0,3,5.49358455078018
340,0,4,6.35790678420944
341,1,0,5.81578164931213
341,1,1,5.47903483184478
341,1,2,4.70834918172434
341,1,3,3.32019497286943
341,1,4,4.05739760986149
342,1,0,5.67312839898951
342,1,1,4.00991423687777
342,1,2,0.932953184430651
342,1,3,-1.57255340872179
342,1,4,-2.78860101491902
343,0,0,7.13952233373014
343,0,1,7.22468910153278
343,0,2,5.27792678852614
343,0,3,5.58191914319657
343,0,4,3.98093282798415
344,0,0,6.50284608821871
344,0,1,5.79813604648236
344,0,2,5.21687330467943
344,0,3,4.81487688770472
344,0,4,NA
345,1,0,NA
345,1,1,NA
345,1,2,NA
345,1,3,NA
345,1,4,NA
346,1,0,6.20382702332377
346,1,1,5.75677285679354
346,1,2,4.9462707247445
346,1,3,3.16897520308194
346,1,4,3.40953381011765
347,0,0,7.08437904216799
347,0,1,6.36029688556391
347,0,2,5.26076302988011
347,0,3,3.86322201958287
347,0,4,3.42975557571122
348,0,0,6.53538756765832
348,0,1,5.42072241337764
348,0,2,4.13407634820739
348,0,3,3.56902614551849
348,0,4,2.27077988911036
349,1,0,6.142787102375
349,1,1,4.74377767511806
349,1,2,4.00403714079313
349,1,3,2.31890556075198
349,1,4,1.01838663044957
350,0,0,6.15607352304287
350,0,1,4.69528511828069
350,0,2,4.85134604204984
350,0,3,4.56011894933726
350,0,4,2.9523051302052
351,1,0,NA
351,1,1,4.92092311544871
351,1,2,2.62645940057721
351,1,3,2.11495030845131
351,1,4,0.467999007092025
352,1,0,NA
352,1,1,6.34965539009657
352,1,2,3.805969741497
352,1,3,3.02440224014129
352,1,4,NA
353,0,0,6.53434185990651
353,0,1,7.42740495942854
353,0,2,7.09202439467731
353,0,3,8.32968867725646
353,0,4,8.12667936974209
354,1,0,7.21220139710141
354,1,1,5.61423483540632
354,1,2,NA
354,1,3,4.52412550729218
354,1,4,3.8830877740248
355,1,0,6.88422046525044
355,1,1,6.1950299005446
355,1,2,5.35253188990996
355,1,3,4.0203624161451
355,1,4,3.21259825620311
356,1,0,4.08490762851467
356,1,1,5.59435643983813
356,1,2,4.50880240139619
356,1,3,NA
356,1,4,3.32008012029424
357,1,0,5.82574491381201
357,1,1,4.33573105390292
357,1,2,1.28332757186857
357,1,3,NA
357,1,4,1.53496541779047
358,1,0,NA
358,1,1,NA
358,1,2,NA
358,1,3,4.15013667914149
358,1,4,3.13752462699693
359,1,0,7.60099088102476
359,1,1,5.56868068947481
359,1,2,NA
359,1,3,3.7096405517124
359,1,4,NA
360,0,0,4.98856185155634
360,0,1,6.39189940631375
360,0,2,6.08836459602713
360,0,3,5.20514644219818
360,0,4,3.18876950898328
361,1,0,6.68596493078114
361,1,1,5.64761941652755
361,1,2,NA
361,1,3,NA
361,1,4,0.839196156234852
362,1,0,6.31619421503022
362,1,1,3.98787274886513
362,1,2,4.60276393459535
362,1,3,4.05224307567729
362,1,4,2.25221771925375
363,1,0,5.18843670371914
363,1,1,5.72912416452013
363,1,2,4.83138389109309
363,1,3,2.87981737837693
363,1,4,2.30299131747102
364,1,0,8.2471182181014
364,1,1,5.43217938381643
364,1,2,5.23627257879366
364,1,3,5.60776868450796
364,1,4,4.71468766249582
365,1,0,6.82555254367856
365,1,1,4.67091171793336
365,1,2,2.73530193152155
365,1,3,4.22640553147289
365,1,4,2.838364053086
366,1,0,6.85946689483784
366,1,1,4.65901929042965
366,1,2,NA
366,1,3,1.99732608104615
366,1,4,1.23023410919627
367,0,0,6.40014717249965
367,0,1,6.17811020223331
367,0,2,5.66074220318006
367,0,3,4.37459753679709
367,0,4,4.45111142086413
368,1,0,NA
368,1,1,5.99340345778444
368,1,2,2.4325330699089
368,1,3,NA
368,1,4,NA
369,0,0,4.95054359789595
369,0,1,5.68623374860571
369,0,2,3.6698822544571
369,0,3,4.58978344640328
369,0,4,3.86769492331658
370,1,0,5.58849416439315
370,1,1,4.80606489198925
370,1,2,4.29764712232625
370,1,3,3.70728699483491
370,1,4,3.75858961923845
371,1,0,6.46128722535387
371,1,1,5.69291122264161
371,1,2,3.30794978958337
371,1,3,1.46376254545898
371,1,4,NA
372,0,0,6.00537866284289
372,0,1,6.92142450501694
372,0,2,5.16170181848283
372,0,3,4.77662552622946
372,0,4,4.29386415138025
373,0,0,7.19157996017961
373,0,1,4.4366421733179
373,0,2,NA
373,0,3,4.92822195070096
373,0,4,5.54295850690591
374,1,0,7.8005655806672
374,1,1,5.15390564709573
374,1,2,6.94442176877457
374,1,3,5.27986181539381
374,1,4,4.33692753063032
375,1,0,5.3955633338043
375,1,1,3.59398474339928
375,1,2,2.75614204664593
375,1,3,0.520747003759245
375,1,4,NA
376,1,0,7.53503332899757
376,1,1,4.48416613016407
376,1,2,3.43468683554801
376,1,3,2.58457339943451
376,1,4,1.54434617337517
377,1,0,5.72252354770668
377,1,1,5.72362222912152
377,1,2,6.01929692833611
377,1,3,4.03129369280216
377,1,4,5.09382747376221
378,0,0,6.79651864929538
378,0,1,6.86829918381593
378,0,2,4.90320449423131
378,0,3,3.47032100328245
378,0,4,2.94172346351424
379,1,0,8.75490917755717
379,1,1,5.27134813812561
379,1,2,5.23859296060064
379,1,3,4.04567770535823
379,1,4,4.22929671717967
380,1,0,7.2527489421714
380,1,1,4.73138206632984
380,1,2,4.67158014841659
380,1,3,3.57305373965964
380,1,4,2.09218461216923
381,1,0,NA
381,1,1,5.22801553092017
381,1,2,3.76620681579675
381,1,3,5.11733737437402
381,1,4,4.40215773398937
382,0,0,6.39283190143773
382,0,1,4.54236845390932
382,0,2,4.35992520447223
382,0,3,1.24811515514608
382,0,4,1.46518661174346
383,1,0,7.43485312481115
383,1,1,5.73465485656247
383,1,2,1.72044780392594
383,1,3,NA
383,1,4,-0.764255639658548
384,1,0,8.23714116181747
384,1,1,5.92151796617976
384,1,2,NA
384,1,3,NA
384,1,4,NA
385,0,0,7.00415676877987
385,0,1,8.14852686688243
385,0,2,7.56328047282668
385,0,3,7.71682395191178
385,0,4,7.15767985597386
386,0,0,6.11841496623556
386,0,1,3.99800426301698
386,0,2,2.89852948350084
386,0,3,2.0183952012346
386,0,4,-0.430149096996922
387,1,0,5.96526821483492
387,1,1,6.38055998785077
387,1,2,6.94804595815534
387,1,3,2.11247077675367
387,1,4,NA
388,1,0,6.35741772102604
388,1,1,7.066905253971
388,1,2,5.33574320107253
388,1,3,3.95887961577179
388,1,4,5.54144859641244
389,0,0,7.32297639418971
389,0,1,5.92908975986106
389,0,2,6.32717192226119
389,0,3,6.01003503448964
389,0,4,6.62153264840434
390,1,0,8.41666368220858
390,1,1,6.21559322409973
390,1,2,4.9810228429147
390,1,3,4.22077904119495
390,1,4,3.33185108838261
391,0,0,5.6342319235853
391,0,1,6.86004742079815
391,0,2,4.89914642336639
391,0,3,3.50018540347065
391,0,4,3.46632696136936
392,0,0,7.57453126189746
392,0,1,5.12199529615296
392,0,2,6.54178985825705
392,0,3,5.98149843857037
392,0,4,6.26412833940531
393,0,0,7.06376388474393
393,0,1,7.33025294237945
393,0,2,5.89811708726733
393,0,3,NA
393,0,4,3.77954333536346
394,1,0,8.01216246929448
394,1,1,8.12255539171767
394,1,2,NA
394,1,3,NA
394,1,4,3.03733735096712
395,1,0,4.64911645464643
395,1,1,NA
395,1,2,3.11968244071083
395,1,3,3.10626549680128
395,1,4,-0.1163879354959
396,1,0,5.18814810643968
396,1,1,6.25937968492936
396,1,2,5.28695583988214
396,1,3,NA
396,1,4,NA
397,1,0,8.15722399004551
397,1,1,7.0755037955405
397,1,2,5.84958265037885
397,1,3,5.9741123375249
397,1,4,6.25228552681217
398,1,0,6.96197396952519
398,1,1,6.46418538747736
398,1,2,3.60699065201038
398,1,3,NA
398,1,4,4.30717472101154
399,1,0,6.71809546918611
399,1,1,4.70677317335123
399,1,2,2.4565242348898
399,1,3,0.680653697297647
399,1,4,NA
400,1,0,5.30476470865266
400,1,1,4.85165176804043
400,1,2,3.8087236686667
400,1,3,2.61953405628094
400,1,4,-0.496851772777534
401,1,0,5.44702672135844
401,1,1,3.84742475483931
401,1,2,4.34519926320509
401,1,3,2.34792977424389
401,1,4,3.42827703253105
402,1,0,7.03126719626455
402,1,1,4.96146721436477
402,1,2,4.64273166932792
402,1,3,3.75499178591156
402,1,4,4.33806160390478
403,1,0,7.14681540271856
403,1,1,4.24115721245431
403,1,2,4.6993397951036
403,1,3,2.65274749066436
403,1,4,2.57493802598124
404,1,0,7.48389147615044
404,1,1,2.97764259924228
404,1,2,NA
404,1,3,2.45909852784772
404,1,4,-0.538464729349866
405,1,0,6.90295207699025
405,1,1,6.47869952517074
405,1,2,5.46262337795572
405,1,3,6.04202839640132
405,1,4,3.55574659027309
406,1,0,6.45585919253777
406,1,1,NA
406,1,2,3.99085432765506
406,1,3,3.58855787604762
406,1,4,2.40057630940092
407,0,0,6.16159449464953
407,0,1,4.80015438357794
407,0,2,5.212590575161
407,0,3,6.22257854651805
407,0,4,5.08537978674498
408,1,0,6.88122315873042
408,1,1,7.19556004687476
408,1,2,NA
408,1,3,4.75737542709407
408,1,4,4.0268575481475
409,0,0,5.35320801606202
409,0,1,5.08985595105346
409,0,2,4.93932648895784
409,0,3,3.17693766790585
409,0,4,3.03178303210201
410,1,0,NA
410,1,1,NA
410,1,2,3.42824939141417
410,1,3,NA
410,1,4,NA
411,1,0,6.33268674728574
411,1,1,6.15770173101838
411,1,2,3.29816439818143
411,1,3,3.12750101313276
411,1,4,2.87403148062921
412,1,0,5.50473874721528
412,1,1,4.59108364508064
412,1,2,4.10247879684731
412,1,3,0.220564374361045
412,1,4,-0.175979550201472
413,1,0,7.09177363810318
413,1,1,3.81755537950566
413,1,2,2.75764661594096
413,1,3,1.30828520833226
413,1,4,0.722449887257896
414,1,0,6.16452971279348
414,1,1,NA
414,1,2,2.66624044289647
414,1,3,NA
414,1,4,NA
415,1,0,4.93501815577019
415,1,1,4.36286908157254
415,1,2,1.64713142901283
415,1,3,-0.142301208786136
415,1,4,-1.97524010816966
416,0,0,6.4731451355835
416,0,1,6.9469107701771
416,0,2,5.58838371583674
416,0,3,4.36634353823148
416,0,4,3.92053580186448
417,1,0,4.96688965296709
417,1,1,3.70610972333402
417,1,2,NA
417,1,3,NA
417,1,4,1.00601058262738
418,1,0,4.29360741673623
418,1,1,5.03580570206631
418,1,2,3.47788137317587
418,1,3,2.32979150498475
418,1,4,1.49373286286736
419,1,0,6.99248777669488
419,1,1,3.79591059357783
419,1,2,3.94783131639829
419,1,3,NA
419,1,4,0.424214353393222
420,1,0,6.52542149553444
420,1,1,5.17008601674028
420,1,2,6.49794526740538
420,1,3,NA
420,1,4,6.0247646737378
421,0,0,5.8104945230956
421,0,1,4.54071109276341
421,0,2,5.22326125519979
421,0,3,3.02193132058588
421,0,4,0.345617841996206
422,1,0,7.33383486196404
422,1,1,3.80458660225245
422,1,2,4.07103357091407
422,1,3,2.4411049580671
422,1,4,1.74148492971832
423,1,0,6.08667121226754
423,1,1,6.31898589767817
423,1,2,4.28679950578288
423,1,3,4.33345148623646
423,1,4,3.87373150972311
424,1,0,5.54010681515253
424,1,1,5.28378322241969
424,1,2,4.21680047627149
424,1,3,NA
424,1,4,NA
425,1,0,5.58276676769659
425,1,1,4.42015458052969
425,1,2,2.65107935190712
425,1,3,0.511920540780868
425,1,4,0.888896840987529
426,0,0,5.76814480448366
426,0,1,5.48495410650677
426,0,2,3.95327236557449
426,0,3,3.88230446132221
426,0,4,3.78374946246746
427,0,0,5.93058866713083
427,0,1,6.60492700764823
427,0,2,6.80072979573555
427,0,3,7.11690814322983
427,0,4,7.85496386574531
428,1,0,6.88031393551009
428,1,1,NA
428,1,2,4.04404195023777
428,1,3,5.59180138600364
428,1,4,NA
429,1,0,5.23801830819869
429,1,1,5.28981424062454
429,1,2,NA
429,1,3,4.14205577320614
429,1,4,0.679104442627737
430,1,0,8.16885247347935
430,1,1,5.96030516216704
430,1,2,5.55351484604784
430,1,3,4.87458315384591
430,1,4,NA
431,1,0,7.07214240161789
431,1,1,5.29087617318596
431,1,2,2.96755195522572
431,1,3,1.33138154356886
431,1,4,NA
432,1,0,5.81472624724419
432,1,1,4.45191930074115
432,1,2,2.47347749056683
432,1,3,0.451059492659427
432,1,4,NA
433,1,0,6.74879133213405
433,1,1,5.85590164834209
433,1,2,6.21590710089511
433,1,3,4.2011756391322
433,1,4,NA
434,1,0,5.07625394954069
434,1,1,5.06256863213911
434,1,2,2.6400186557137
434,1,3,2.73483515110928
434,1,4,1.20660029853893
435,1,0,NA
435,1,1,NA
435,1,2,5.3602759570713
435,1,3,0.538448966799515
435,1,4,NA
436,1,0,6.72929461968436
436,1,1,4.02923563133709
436,1,2,3.19838882880369
436,1,3,2.50098145461229
436,1,4,0.7214761428705
437,1,0,5.90585001100247
437,1,1,5.32425821240928
437,1,2,3.24336230524634
437,1,3,4.32372780971248
437,1,4,1.37326468919512
