l2id,time,y,ycom,m,group
1,0,6.810385585,6.810385585,0,0
1,1,6.257520467,6.257520467,0,0
1,2,6.40764136,6.40764136,0,0
1,3,4.987627061,4.987627061,0,0
1,4,4.493601931,4.493601931,0,0
2,0,7.672245173,7.672245173,0,0
2,1,5.119972217,5.119972217,0,0
2,2,3.622231249,3.622231249,0,0
2,3,2.819154634,2.819154634,0,0
2,4,3.015432627,3.015432627,0,0
3,0,NA,6.502767987,1,0
3,1,6.341223011,6.341223011,0,0
3,2,4.803077882,4.803077882,0,0
3,3,NA,4.049747161,1,0
3,4,3.477385665,3.477385665,0,0
4,0,5.768910674,5.768910674,0,0
4,1,6.018456981,6.018456981,0,0
4,2,5.023878167,5.023878167,0,0
4,3,3.755884744,3.755884744,0,0
4,4,2.976809319,2.976809319,0,0
5,0,3.955643425,3.955643425,0,1
5,1,3.354255037,3.354255037,0,1
5,2,1.884102449,1.884102449,0,1
5,3,1.185943778,1.185943778,0,1
5,4,-2.23000995,-2.23000995,0,1
6,0,5.410352816,5.410352816,0,1
6,1,5.059760652,5.059760652,0,1
6,2,NA,5.616301746,1,1
6,3,2.554527805,2.554527805,0,1
6,4,4.004321515,4.004321515,0,1
7,0,6.464802633,6.464802633,0,1
7,1,NA,4.908996693,1,1
7,2,3.916121752,3.916121752,0,1
7,3,NA,3.351063502,1,1
7,4,-0.240642779,-0.240642779,0,1
8,0,7.550088567,7.550088567,0,1
8,1,4.770897764,4.770897764,0,1
8,2,4.121173154,4.121173154,0,1
8,3,3.826210817,3.826210817,0,1
8,4,0.241304065,0.241304065,0,1
9,0,5.668497713,5.668497713,0,0
9,1,7.359765017,7.359765017,0,0
9,2,6.03275729,6.03275729,0,0
9,3,5.274983796,5.274983796,0,0
9,4,4.061682683,4.061682683,0,0
10,0,6.91680512,6.91680512,0,0
10,1,3.969212874,3.969212874,0,0
10,2,1.978768171,1.978768171,0,0
10,3,3.508834993,3.508834993,0,0
10,4,0.194467994,0.194467994,0,0
11,0,4.623231818,4.623231818,0,1
11,1,4.054943523,4.054943523,0,1
11,2,1.866053941,1.866053941,0,1
11,3,0.258586313,0.258586313,0,1
11,4,-1.121063307,-1.121063307,0,1
12,0,7.590124469,7.590124469,0,1
12,1,4.303972636,4.303972636,0,1
12,2,0.215208086,0.215208086,0,1
12,3,1.620154425,1.620154425,0,1
12,4,NA,-1.041871192,1,1
13,0,6.67257769,6.67257769,0,0
13,1,4.176463896,4.176463896,0,0
13,2,7.07305375,7.07305375,0,0
13,3,5.192165165,5.192165165,0,0
13,4,7.045887233,7.045887233,0,0
14,0,7.109483954,7.109483954,0,1
14,1,5.313555057,5.313555057,0,1
14,2,3.366264383,3.366264383,0,1
14,3,3.106311806,3.106311806,0,1
14,4,-0.96374674,-0.96374674,0,1
15,0,5.40345875,5.40345875,0,1
15,1,4.655245443,4.655245443,0,1
15,2,3.61697404,3.61697404,0,1
15,3,2.21901344,2.21901344,0,1
15,4,1.022162312,1.022162312,0,1
16,0,5.845340211,5.845340211,0,1
16,1,3.117313029,3.117313029,0,1
16,2,1.509964515,1.509964515,0,1
16,3,NA,0.818122554,1,1
16,4,NA,0.284610505,1,1
17,0,6.130178737,6.130178737,0,1
17,1,5.344873008,5.344873008,0,1
17,2,3.439605051,3.439605051,0,1
17,3,NA,3.716873564,1,1
17,4,1.443689756,1.443689756,0,1
18,0,5.095334551,5.095334551,0,1
18,1,NA,6.66236561,1,1
18,2,4.195532438,4.195532438,0,1
18,3,1.914202151,1.914202151,0,1
18,4,NA,2.171033589,1,1
19,0,6.299668958,6.299668958,0,1
19,1,4.714117495,4.714117495,0,1
19,2,2.564988985,2.564988985,0,1
19,3,1.467055047,1.467055047,0,1
19,4,-0.431255061,-0.431255061,0,1
20,0,6.611949609,6.611949609,0,0
20,1,4.886608267,4.886608267,0,0
20,2,6.426943759,6.426943759,0,0
20,3,5.696923389,5.696923389,0,0
20,4,NA,6.047113402,1,0
21,0,6.026877908,6.026877908,0,1
21,1,3.323029746,3.323029746,0,1
21,2,1.485634303,1.485634303,0,1
21,3,1.083063004,1.083063004,0,1
21,4,-1.325925753,-1.325925753,0,1
22,0,5.082902648,5.082902648,0,1
22,1,4.787364664,4.787364664,0,1
22,2,2.969645611,2.969645611,0,1
22,3,1.825380669,1.825380669,0,1
22,4,1.029709538,1.029709538,0,1
23,0,5.676877383,5.676877383,0,0
23,1,2.419964197,2.419964197,0,0
23,2,5.401428013,5.401428013,0,0
23,3,NA,4.911452302,1,0
23,4,4.176565142,4.176565142,0,0
24,0,3.606803501,3.606803501,0,0
24,1,3.764799621,3.764799621,0,0
24,2,4.107797052,4.107797052,0,0
24,3,1.979349262,1.979349262,0,0
24,4,1.673677539,1.673677539,0,0
25,0,4.904296872,4.904296872,0,0
25,1,5.643922476,5.643922476,0,0
25,2,NA,5.262211885,1,0
25,3,5.316975847,5.316975847,0,0
25,4,4.703886654,4.703886654,0,0
26,0,6.859950002,6.859950002,0,1
26,1,4.844698324,4.844698324,0,1
26,2,2.933895385,2.933895385,0,1
26,3,2.443783066,2.443783066,0,1
26,4,2.012845852,2.012845852,0,1
27,0,NA,5.704515226,1,0
27,1,5.686333164,5.686333164,0,0
27,2,5.553995385,5.553995385,0,0
27,3,5.733867185,5.733867185,0,0
27,4,3.830062008,3.830062008,0,0
28,0,6.823863282,6.823863282,0,1
28,1,4.726835002,4.726835002,0,1
28,2,3.672448722,3.672448722,0,1
28,3,1.999514226,1.999514226,0,1
28,4,-0.755070192,-0.755070192,0,1
29,0,6.47885624,6.47885624,0,1
29,1,5.874349684,5.874349684,0,1
29,2,NA,5.245446439,1,1
29,3,NA,4.100093292,1,1
29,4,1.367308428,1.367308428,0,1
30,0,6.067527115,6.067527115,0,1
30,1,4.860178759,4.860178759,0,1
30,2,4.019963635,4.019963635,0,1
30,3,3.12066509,3.12066509,0,1
30,4,1.973810499,1.973810499,0,1
31,0,5.271745786,5.271745786,0,0
31,1,5.954250468,5.954250468,0,0
31,2,5.339745705,5.339745705,0,0
31,3,4.730429536,4.730429536,0,0
31,4,3.809015728,3.809015728,0,0
32,0,7.301561064,7.301561064,0,1
32,1,NA,7.137446473,1,1
32,2,5.728310315,5.728310315,0,1
32,3,NA,4.969977226,1,1
32,4,NA,3.388186341,1,1
33,0,8.51501725,8.51501725,0,1
33,1,5.818389611,5.818389611,0,1
33,2,4.074718932,4.074718932,0,1
33,3,3.233535037,3.233535037,0,1
33,4,2.354575444,2.354575444,0,1
34,0,4.932791235,4.932791235,0,0
34,1,6.091179557,6.091179557,0,0
34,2,6.350415888,6.350415888,0,0
34,3,3.60024463,3.60024463,0,0
34,4,2.382740367,2.382740367,0,0
35,0,7.596198566,7.596198566,0,1
35,1,NA,7.099524565,1,1
35,2,4.090602436,4.090602436,0,1
35,3,3.762341895,3.762341895,0,1
35,4,1.889252085,1.889252085,0,1
36,0,5.659557697,5.659557697,0,1
36,1,6.410684971,6.410684971,0,1
36,2,3.593197062,3.593197062,0,1
36,3,2.707643502,2.707643502,0,1
36,4,2.589335075,2.589335075,0,1
37,0,7.805600126,7.805600126,0,0
37,1,5.865187671,5.865187671,0,0
37,2,NA,6.677945468,1,0
37,3,NA,5.655486849,1,0
37,4,4.690411258,4.690411258,0,0
38,0,2.99188822,2.99188822,0,0
38,1,4.689583787,4.689583787,0,0
38,2,3.509854036,3.509854036,0,0
38,3,3.701814315,3.701814315,0,0
38,4,3.342484449,3.342484449,0,0
39,0,7.33924244,7.33924244,0,0
39,1,6.386286503,6.386286503,0,0
39,2,5.166116839,5.166116839,0,0
39,3,NA,5.427249383,1,0
39,4,4.371432934,4.371432934,0,0
40,0,5.945973125,5.945973125,0,1
40,1,5.054503337,5.054503337,0,1
40,2,3.984694618,3.984694618,0,1
40,3,NA,3.709151448,1,1
40,4,0.665631367,0.665631367,0,1
41,0,8.348253,8.348253,0,0
41,1,8.381936256,8.381936256,0,0
41,2,5.871279788,5.871279788,0,0
41,3,5.666514983,5.666514983,0,0
41,4,4.970469253,4.970469253,0,0
42,0,7.247083702,7.247083702,0,1
42,1,4.418612616,4.418612616,0,1
42,2,NA,5.377829783,1,1
42,3,2.706503089,2.706503089,0,1
42,4,1.50071005,1.50071005,0,1
43,0,7.127385965,7.127385965,0,0
43,1,5.739596274,5.739596274,0,0
43,2,5.888772144,5.888772144,0,0
43,3,6.593398913,6.593398913,0,0
43,4,4.766767105,4.766767105,0,0
44,0,NA,7.121020287,1,0
44,1,5.686076429,5.686076429,0,0
44,2,6.292197233,6.292197233,0,0
44,3,5.578401244,5.578401244,0,0
44,4,NA,4.957235916,1,0
45,0,5.724701331,5.724701331,0,1
45,1,4.628112639,4.628112639,0,1
45,2,1.766676722,1.766676722,0,1
45,3,3.141261499,3.141261499,0,1
45,4,1.538054172,1.538054172,0,1
46,0,7.864370329,7.864370329,0,1
46,1,6.087430042,6.087430042,0,1
46,2,NA,5.359847836,1,1
46,3,NA,3.554837464,1,1
46,4,1.364544675,1.364544675,0,1
47,0,NA,8.512220214,1,1
47,1,4.79106511,4.79106511,0,1
47,2,4.94625696,4.94625696,0,1
47,3,2.552945489,2.552945489,0,1
47,4,2.293956628,2.293956628,0,1
48,0,6.272051638,6.272051638,0,1
48,1,4.442660291,4.442660291,0,1
48,2,4.307854463,4.307854463,0,1
48,3,1.273398886,1.273398886,0,1
48,4,0.395469646,0.395469646,0,1
49,0,5.296077045,5.296077045,0,1
49,1,4.048537792,4.048537792,0,1
49,2,3.0474207,3.0474207,0,1
49,3,1.597724612,1.597724612,0,1
49,4,NA,2.969818182,1,1
50,0,4.258785613,4.258785613,0,0
50,1,5.441067663,5.441067663,0,0
50,2,4.099862182,4.099862182,0,0
50,3,2.764953963,2.764953963,0,0
50,4,2.818018721,2.818018721,0,0
51,0,6.421534352,6.421534352,0,0
51,1,5.332400615,5.332400615,0,0
51,2,NA,5.644866381,1,0
51,3,5.590585047,5.590585047,0,0
51,4,2.827174452,2.827174452,0,0
52,0,3.910255873,3.910255873,0,0
52,1,3.729642985,3.729642985,0,0
52,2,NA,4.403112309,1,0
52,3,1.826869982,1.826869982,0,0
52,4,1.377167691,1.377167691,0,0
53,0,7.813668138,7.813668138,0,1
53,1,6.955040527,6.955040527,0,1
53,2,NA,4.880097791,1,1
53,3,2.613808328,2.613808328,0,1
53,4,NA,0.831949455,1,1
54,0,4.823411343,4.823411343,0,1
54,1,4.943189328,4.943189328,0,1
54,2,4.240559305,4.240559305,0,1
54,3,1.561467663,1.561467663,0,1
54,4,1.998098292,1.998098292,0,1
55,0,7.16253261,7.16253261,0,0
55,1,5.172860066,5.172860066,0,0
55,2,4.75168309,4.75168309,0,0
55,3,4.050221005,4.050221005,0,0
55,4,2.568702442,2.568702442,0,0
56,0,6.520203418,6.520203418,0,1
56,1,3.525792188,3.525792188,0,1
56,2,2.005202494,2.005202494,0,1
56,3,1.304191325,1.304191325,0,1
56,4,-2.99311028,-2.99311028,0,1
57,0,5.9327533,5.9327533,0,0
57,1,6.815590525,6.815590525,0,0
57,2,NA,5.242430884,1,0
57,3,NA,5.184142371,1,0
57,4,NA,3.781611846,1,0
58,0,NA,6.082454713,1,1
58,1,NA,6.001792105,1,1
58,2,3.969967011,3.969967011,0,1
58,3,1.232776977,1.232776977,0,1
58,4,2.802063675,2.802063675,0,1
59,0,4.996289713,4.996289713,0,1
59,1,5.607712914,5.607712914,0,1
59,2,NA,3.741353425,1,1
59,3,NA,4.391913736,1,1
59,4,3.201819617,3.201819617,0,1
60,0,NA,7.500714739,1,1
60,1,3.480259531,3.480259531,0,1
60,2,NA,4.378857633,1,1
60,3,3.402515662,3.402515662,0,1
60,4,NA,1.171201537,1,1
61,0,NA,7.353248182,1,0
61,1,6.851106288,6.851106288,0,0
61,2,5.654988499,5.654988499,0,0
61,3,4.956031791,4.956031791,0,0
61,4,5.147344893,5.147344893,0,0
62,0,5.879634118,5.879634118,0,1
62,1,5.163993717,5.163993717,0,1
62,2,NA,4.340154758,1,1
62,3,NA,2.568101138,1,1
62,4,NA,2.739418327,1,1
63,0,7.875426471,7.875426471,0,0
63,1,5.671995157,5.671995157,0,0
63,2,4.548786761,4.548786761,0,0
63,3,3.643360296,3.643360296,0,0
63,4,2.757153324,2.757153324,0,0
64,0,5.927941956,5.927941956,0,0
64,1,4.708125053,4.708125053,0,0
64,2,3.364029824,3.364029824,0,0
64,3,2.408810674,2.408810674,0,0
64,4,2.553264866,2.553264866,0,0
65,0,NA,8.506539793,1,0
65,1,7.202398162,7.202398162,0,0
65,2,7.328973125,7.328973125,0,0
65,3,NA,7.334687544,1,0
65,4,NA,6.80568661,1,0
66,0,4.726674025,4.726674025,0,1
66,1,4.076080213,4.076080213,0,1
66,2,NA,4.656298221,1,1
66,3,NA,0.339648061,1,1
66,4,NA,0.619334621,1,1
67,0,6.34340303,6.34340303,0,0
67,1,4.634337133,4.634337133,0,0
67,2,6.895866082,6.895866082,0,0
67,3,5.146379925,5.146379925,0,0
67,4,4.57059281,4.57059281,0,0
68,0,7.164532911,7.164532911,0,1
68,1,3.258302879,3.258302879,0,1
68,2,3.72796972,3.72796972,0,1
68,3,3.505236463,3.505236463,0,1
68,4,0.90781981,0.90781981,0,1
69,0,6.770387564,6.770387564,0,0
69,1,7.624851711,7.624851711,0,0
69,2,7.956772531,7.956772531,0,0
69,3,6.263776901,6.263776901,0,0
69,4,NA,8.253540223,1,0
70,0,5.981366913,5.981366913,0,0
70,1,4.133615338,4.133615338,0,0
70,2,4.200271857,4.200271857,0,0
70,3,1.841240039,1.841240039,0,0
70,4,1.358623733,1.358623733,0,0
71,0,7.517491672,7.517491672,0,0
71,1,7.552702464,7.552702464,0,0
71,2,5.533205083,5.533205083,0,0
71,3,4.643342651,4.643342651,0,0
71,4,4.505106317,4.505106317,0,0
72,0,7.356855699,7.356855699,0,1
72,1,5.285860347,5.285860347,0,1
72,2,2.941549342,2.941549342,0,1
72,3,NA,1.865783509,1,1
72,4,1.862832624,1.862832624,0,1
73,0,NA,6.68785093,1,1
73,1,6.198092464,6.198092464,0,1
73,2,4.96023991,4.96023991,0,1
73,3,3.472869527,3.472869527,0,1
73,4,1.342351863,1.342351863,0,1
74,0,5.954932944,5.954932944,0,1
74,1,4.535239995,4.535239995,0,1
74,2,3.731502266,3.731502266,0,1
74,3,3.569697718,3.569697718,0,1
74,4,NA,1.167074341,1,1
75,0,6.061661952,6.061661952,0,1
75,1,3.318255236,3.318255236,0,1
75,2,1.719582226,1.719582226,0,1
75,3,0.694760748,0.694760748,0,1
75,4,-0.209923436,-0.209923436,0,1
76,0,7.315076742,7.315076742,0,0
76,1,5.610349993,5.610349993,0,0
76,2,6.538291508,6.538291508,0,0
76,3,5.691879558,5.691879558,0,0
76,4,NA,4.852571572,1,0
77,0,6.332000145,6.332000145,0,0
77,1,5.00579531,5.00579531,0,0
77,2,3.841842979,3.841842979,0,0
77,3,3.35695759,3.35695759,0,0
77,4,2.253367521,2.253367521,0,0
78,0,6.246488069,6.246488069,0,0
78,1,5.615396714,5.615396714,0,0
78,2,5.353709042,5.353709042,0,0
78,3,5.001025573,5.001025573,0,0
78,4,NA,4.569417924,1,0
79,0,5.469647323,5.469647323,0,1
79,1,4.467047594,4.467047594,0,1
79,2,2.88874634,2.88874634,0,1
79,3,1.890459693,1.890459693,0,1
79,4,-0.673395364,-0.673395364,0,1
80,0,5.531965026,5.531965026,0,1
80,1,6.054698202,6.054698202,0,1
80,2,NA,3.461202164,1,1
80,3,0.696782042,0.696782042,0,1
80,4,-1.862771061,-1.862771061,0,1
81,0,5.781777088,5.781777088,0,0
81,1,3.579955704,3.579955704,0,0
81,2,4.130771316,4.130771316,0,0
81,3,NA,4.388339475,1,0
81,4,4.256206194,4.256206194,0,0
82,0,5.723727466,5.723727466,0,1
82,1,6.075982045,6.075982045,0,1
82,2,NA,3.681731106,1,1
82,3,1.215938233,1.215938233,0,1
82,4,1.603622345,1.603622345,0,1
83,0,5.487094085,5.487094085,0,1
83,1,4.363347435,4.363347435,0,1
83,2,1.519345296,1.519345296,0,1
83,3,2.552126461,2.552126461,0,1
83,4,-0.415056158,-0.415056158,0,1
84,0,6.451722783,6.451722783,0,1
84,1,4.204405812,4.204405812,0,1
84,2,4.193771018,4.193771018,0,1
84,3,1.150384071,1.150384071,0,1
84,4,-0.106824957,-0.106824957,0,1
85,0,5.542781722,5.542781722,0,1
85,1,3.672401067,3.672401067,0,1
85,2,3.497168354,3.497168354,0,1
85,3,2.820586709,2.820586709,0,1
85,4,2.642191623,2.642191623,0,1
86,0,7.455590772,7.455590772,0,1
86,1,5.205827624,5.205827624,0,1
86,2,3.826880786,3.826880786,0,1
86,3,2.88339114,2.88339114,0,1
86,4,0.782725968,0.782725968,0,1
87,0,5.503011697,5.503011697,0,0
87,1,NA,6.793958661,1,0
87,2,4.26797225,4.26797225,0,0
87,3,2.813862474,2.813862474,0,0
87,4,NA,3.084544336,1,0
88,0,7.715104923,7.715104923,0,1
88,1,4.987401812,4.987401812,0,1
88,2,3.073105577,3.073105577,0,1
88,3,2.221515244,2.221515244,0,1
88,4,NA,2.160756465,1,1
89,0,8.098704794,8.098704794,0,0
89,1,5.812690118,5.812690118,0,0
89,2,NA,4.103862371,1,0
89,3,2.277093962,2.277093962,0,0
89,4,3.919464334,3.919464334,0,0
90,0,7.005109527,7.005109527,0,1
90,1,6.447252135,6.447252135,0,1
90,2,4.138271276,4.138271276,0,1
90,3,4.889250222,4.889250222,0,1
90,4,2.350059526,2.350059526,0,1
91,0,5.942339219,5.942339219,0,0
91,1,6.30676273,6.30676273,0,0
91,2,NA,6.1115626,1,0
91,3,1.763345524,1.763345524,0,0
91,4,3.052872114,3.052872114,0,0
92,0,4.306249633,4.306249633,0,0
92,1,4.773009554,4.773009554,0,0
92,2,4.060837861,4.060837861,0,0
92,3,2.512573211,2.512573211,0,0
92,4,2.538512529,2.538512529,0,0
93,0,6.574053528,6.574053528,0,1
93,1,5.62155444,5.62155444,0,1
93,2,3.698961658,3.698961658,0,1
93,3,2.994698174,2.994698174,0,1
93,4,0.891379322,0.891379322,0,1
94,0,6.680716599,6.680716599,0,0
94,1,8.67090028,8.67090028,0,0
94,2,6.903780502,6.903780502,0,0
94,3,7.649869602,7.649869602,0,0
94,4,NA,8.450433609,1,0
95,0,6.21294923,6.21294923,0,0
95,1,7.516784039,7.516784039,0,0
95,2,7.727823666,7.727823666,0,0
95,3,7.225292134,7.225292134,0,0
95,4,7.231167127,7.231167127,0,0
96,0,7.092934733,7.092934733,0,1
96,1,5.971583428,5.971583428,0,1
96,2,4.251010754,4.251010754,0,1
96,3,3.068736503,3.068736503,0,1
96,4,NA,2.516090004,1,1
97,0,5.161618722,5.161618722,0,0
97,1,6.917327402,6.917327402,0,0
97,2,6.242835051,6.242835051,0,0
97,3,5.021760557,5.021760557,0,0
97,4,4.910824558,4.910824558,0,0
98,0,8.276675355,8.276675355,0,0
98,1,7.409373131,7.409373131,0,0
98,2,6.820769035,6.820769035,0,0
98,3,5.574652962,5.574652962,0,0
98,4,5.517261161,5.517261161,0,0
99,0,6.65669434,6.65669434,0,1
99,1,4.55337709,4.55337709,0,1
99,2,0.368852797,0.368852797,0,1
99,3,-2.00369835,-2.00369835,0,1
99,4,-4.741728698,-4.741728698,0,1
100,0,6.954611214,6.954611214,0,1
100,1,4.845900023,4.845900023,0,1
100,2,3.507119205,3.507119205,0,1
100,3,1.690038978,1.690038978,0,1
100,4,-0.318952865,-0.318952865,0,1
101,0,NA,8.051405599,1,1
101,1,NA,6.961306474,1,1
101,2,NA,4.631520331,1,1
101,3,4.166501347,4.166501347,0,1
101,4,2.933901855,2.933901855,0,1
102,0,6.161852207,6.161852207,0,0
102,1,4.916552033,4.916552033,0,0
102,2,3.409391621,3.409391621,0,0
102,3,3.948385445,3.948385445,0,0
102,4,2.784692003,2.784692003,0,0
103,0,6.79947123,6.79947123,0,0
103,1,8.252011768,8.252011768,0,0
103,2,6.204465929,6.204465929,0,0
103,3,6.540247344,6.540247344,0,0
103,4,6.387162904,6.387162904,0,0
104,0,7.03112171,7.03112171,0,0
104,1,7.320174234,7.320174234,0,0
104,2,NA,7.587147682,1,0
104,3,4.299798915,4.299798915,0,0
104,4,6.455198877,6.455198877,0,0
105,0,6.701465006,6.701465006,0,1
105,1,2.978032388,2.978032388,0,1
105,2,3.268867754,3.268867754,0,1
105,3,1.49586016,1.49586016,0,1
105,4,1.599271882,1.599271882,0,1
106,0,4.877419142,4.877419142,0,0
106,1,4.101766004,4.101766004,0,0
106,2,3.230124796,3.230124796,0,0
106,3,4.230611595,4.230611595,0,0
106,4,2.368593391,2.368593391,0,0
107,0,4.103537873,4.103537873,0,0
107,1,5.486915303,5.486915303,0,0
107,2,3.209227907,3.209227907,0,0
107,3,4.111408848,4.111408848,0,0
107,4,NA,4.576348022,1,0
108,0,5.808565912,5.808565912,0,0
108,1,5.393769383,5.393769383,0,0
108,2,4.502739509,4.502739509,0,0
108,3,3.585681992,3.585681992,0,0
108,4,1.999850543,1.999850543,0,0
109,0,5.905181713,5.905181713,0,1
109,1,3.520861399,3.520861399,0,1
109,2,2.504540925,2.504540925,0,1
109,3,0.881203428,0.881203428,0,1
109,4,-2.165796714,-2.165796714,0,1
110,0,5.35227416,5.35227416,0,1
110,1,4.799575112,4.799575112,0,1
110,2,1.004053755,1.004053755,0,1
110,3,-1.079463016,-1.079463016,0,1
110,4,-3.977616106,-3.977616106,0,1
111,0,8.111763405,8.111763405,0,0
111,1,6.250457684,6.250457684,0,0
111,2,6.995431102,6.995431102,0,0
111,3,4.83081466,4.83081466,0,0
111,4,NA,5.97856066,1,0
112,0,6.010140287,6.010140287,0,1
112,1,3.022063265,3.022063265,0,1
112,2,1.834361358,1.834361358,0,1
112,3,1.332429871,1.332429871,0,1
112,4,0.121499116,0.121499116,0,1
113,0,NA,7.181072979,1,0
113,1,6.359290766,6.359290766,0,0
113,2,5.712909237,5.712909237,0,0
113,3,5.078077316,5.078077316,0,0
113,4,2.745964683,2.745964683,0,0
114,0,6.031228437,6.031228437,0,1
114,1,4.02370104,4.02370104,0,1
114,2,3.594006087,3.594006087,0,1
114,3,1.223896357,1.223896357,0,1
114,4,-1.407138882,-1.407138882,0,1
115,0,7.924423171,7.924423171,0,0
115,1,4.666452814,4.666452814,0,0
115,2,4.191630963,4.191630963,0,0
115,3,3.600715714,3.600715714,0,0
115,4,NA,5.906080572,1,0
116,0,6.61322392,6.61322392,0,0
116,1,5.142922736,5.142922736,0,0
116,2,4.854976736,4.854976736,0,0
116,3,4.111705058,4.111705058,0,0
116,4,3.278604308,3.278604308,0,0
117,0,6.114682161,6.114682161,0,0
117,1,5.13843217,5.13843217,0,0
117,2,4.976799524,4.976799524,0,0
117,3,3.891689475,3.891689475,0,0
117,4,5.225947448,5.225947448,0,0
118,0,5.685854469,5.685854469,0,1
118,1,3.499241118,3.499241118,0,1
118,2,3.439675172,3.439675172,0,1
118,3,0.923744589,0.923744589,0,1
118,4,0.799843538,0.799843538,0,1
119,0,6.94355058,6.94355058,0,1
119,1,5.246539837,5.246539837,0,1
119,2,2.921356956,2.921356956,0,1
119,3,4.259102948,4.259102948,0,1
119,4,0.176687136,0.176687136,0,1
120,0,6.549485163,6.549485163,0,1
120,1,4.919795381,4.919795381,0,1
120,2,2.455031242,2.455031242,0,1
120,3,1.799294903,1.799294903,0,1
120,4,0.951544681,0.951544681,0,1
121,0,4.679755948,4.679755948,0,1
121,1,4.204790282,4.204790282,0,1
121,2,3.890370699,3.890370699,0,1
121,3,1.750323762,1.750323762,0,1
121,4,0.614993256,0.614993256,0,1
122,0,5.467718521,5.467718521,0,1
122,1,3.422685381,3.422685381,0,1
122,2,1.972269666,1.972269666,0,1
122,3,-0.934064905,-0.934064905,0,1
122,4,NA,-1.276863119,1,1
123,0,6.545110976,6.545110976,0,1
123,1,3.899929493,3.899929493,0,1
123,2,3.859418546,3.859418546,0,1
123,3,3.08626817,3.08626817,0,1
123,4,-0.646976297,-0.646976297,0,1
124,0,5.878122339,5.878122339,0,0
124,1,5.123886697,5.123886697,0,0
124,2,4.4093786,4.4093786,0,0
124,3,4.463519752,4.463519752,0,0
124,4,2.188894305,2.188894305,0,0
125,0,NA,7.866179615,1,0
125,1,4.85586151,4.85586151,0,0
125,2,3.62991333,3.62991333,0,0
125,3,3.231980403,3.231980403,0,0
125,4,3.057793256,3.057793256,0,0
126,0,5.376749648,5.376749648,0,0
126,1,3.22733588,3.22733588,0,0
126,2,2.752153958,2.752153958,0,0
126,3,1.394978394,1.394978394,0,0
126,4,-1.197053848,-1.197053848,0,0
127,0,5.890233418,5.890233418,0,0
127,1,3.084600796,3.084600796,0,0
127,2,4.450783336,4.450783336,0,0
127,3,3.052584756,3.052584756,0,0
127,4,NA,3.641184428,1,0
128,0,NA,8.829052757,1,1
128,1,7.022762258,7.022762258,0,1
128,2,NA,5.386100704,1,1
128,3,NA,4.70764824,1,1
128,4,NA,3.599680334,1,1
129,0,5.564010272,5.564010272,0,1
129,1,4.19076843,4.19076843,0,1
129,2,3.84796693,3.84796693,0,1
129,3,3.772244581,3.772244581,0,1
129,4,2.191339206,2.191339206,0,1
130,0,5.45987679,5.45987679,0,0
130,1,5.347050102,5.347050102,0,0
130,2,2.572483418,2.572483418,0,0
130,3,3.219970222,3.219970222,0,0
130,4,2.514288928,2.514288928,0,0
131,0,5.686859943,5.686859943,0,1
131,1,3.617229203,3.617229203,0,1
131,2,1.228632174,1.228632174,0,1
131,3,-0.036964856,-0.036964856,0,1
131,4,-2.71662466,-2.71662466,0,1
132,0,7.867869714,7.867869714,0,0
132,1,5.062235765,5.062235765,0,0
132,2,3.165668377,3.165668377,0,0
132,3,4.749023413,4.749023413,0,0
132,4,NA,6.055128834,1,0
133,0,7.401789755,7.401789755,0,0
133,1,5.774708779,5.774708779,0,0
133,2,6.764693874,6.764693874,0,0
133,3,6.003027754,6.003027754,0,0
133,4,6.768159795,6.768159795,0,0
134,0,7.534821693,7.534821693,0,0
134,1,5.553749203,5.553749203,0,0
134,2,3.876776686,3.876776686,0,0
134,3,3.85868193,3.85868193,0,0
134,4,3.375101195,3.375101195,0,0
135,0,7.92279301,7.92279301,0,0
135,1,5.962781927,5.962781927,0,0
135,2,4.601525951,4.601525951,0,0
135,3,3.403115685,3.403115685,0,0
135,4,2.844215169,2.844215169,0,0
136,0,6.787211603,6.787211603,0,0
136,1,6.527421514,6.527421514,0,0
136,2,NA,7.304888592,1,0
136,3,NA,6.265249538,1,0
136,4,3.823354095,3.823354095,0,0
137,0,6.1620534,6.1620534,0,0
137,1,5.460852424,5.460852424,0,0
137,2,5.453612279,5.453612279,0,0
137,3,5.269575137,5.269575137,0,0
137,4,3.823273482,3.823273482,0,0
138,0,7.688593175,7.688593175,0,1
138,1,6.168347772,6.168347772,0,1
138,2,2.757748953,2.757748953,0,1
138,3,1.384696022,1.384696022,0,1
138,4,2.707354573,2.707354573,0,1
139,0,6.662805721,6.662805721,0,1
139,1,4.855868187,4.855868187,0,1
139,2,NA,4.95429391,1,1
139,3,NA,2.815119487,1,1
139,4,-0.213394817,-0.213394817,0,1
140,0,5.566328077,5.566328077,0,0
140,1,4.05209373,4.05209373,0,0
140,2,3.594310725,3.594310725,0,0
140,3,2.415002716,2.415002716,0,0
140,4,0.765790088,0.765790088,0,0
141,0,7.059554362,7.059554362,0,1
141,1,4.956249239,4.956249239,0,1
141,2,2.01682804,2.01682804,0,1
141,3,1.740966075,1.740966075,0,1
141,4,NA,1.93894289,1,1
142,0,4.578684267,4.578684267,0,0
142,1,4.882623115,4.882623115,0,0
142,2,6.587006457,6.587006457,0,0
142,3,4.713217326,4.713217326,0,0
142,4,2.077573513,2.077573513,0,0
143,0,8.006163684,8.006163684,0,1
143,1,7.69466009,7.69466009,0,1
143,2,5.86901962,5.86901962,0,1
143,3,NA,5.256708942,1,1
143,4,NA,4.622768034,1,1
144,0,5.290156969,5.290156969,0,0
144,1,5.933189029,5.933189029,0,0
144,2,4.851550575,4.851550575,0,0
144,3,6.082112831,6.082112831,0,0
144,4,5.368919949,5.368919949,0,0
145,0,5.797779287,5.797779287,0,1
145,1,4.089390523,4.089390523,0,1
145,2,NA,3.245180681,1,1
145,3,NA,1.825050766,1,1
145,4,0.485974058,0.485974058,0,1
146,0,7.342302017,7.342302017,0,0
146,1,7.75578416,7.75578416,0,0
146,2,NA,5.999513191,1,0
146,3,6.956296109,6.956296109,0,0
146,4,5.628720206,5.628720206,0,0
147,0,6.586993872,6.586993872,0,0
147,1,6.968167225,6.968167225,0,0
147,2,5.828507441,5.828507441,0,0
147,3,6.134525174,6.134525174,0,0
147,4,6.501758601,6.501758601,0,0
148,0,7.455885707,7.455885707,0,1
148,1,6.415602743,6.415602743,0,1
148,2,NA,6.759837999,1,1
148,3,NA,6.694954486,1,1
148,4,4.30570591,4.30570591,0,1
149,0,5.606740662,5.606740662,0,0
149,1,5.056778567,5.056778567,0,0
149,2,2.698712092,2.698712092,0,0
149,3,1.768584958,1.768584958,0,0
149,4,0.428754159,0.428754159,0,0
150,0,NA,6.704461011,1,1
150,1,3.438288809,3.438288809,0,1
150,2,2.258004677,2.258004677,0,1
150,3,1.537115431,1.537115431,0,1
150,4,-0.578441702,-0.578441702,0,1
151,0,5.649577833,5.649577833,0,0
151,1,6.338668342,6.338668342,0,0
151,2,4.234070959,4.234070959,0,0
151,3,4.915616025,4.915616025,0,0
151,4,4.453185431,4.453185431,0,0
152,0,6.750231402,6.750231402,0,1
152,1,7.319057545,7.319057545,0,1
152,2,3.646170225,3.646170225,0,1
152,3,2.683394801,2.683394801,0,1
152,4,NA,1.422945247,1,1
153,0,NA,7.951359244,1,0
153,1,NA,7.061288415,1,0
153,2,NA,7.707695649,1,0
153,3,NA,7.493549812,1,0
153,4,7.27057177,7.27057177,0,0
154,0,7.000670927,7.000670927,0,1
154,1,4.741423616,4.741423616,0,1
154,2,1.642466943,1.642466943,0,1
154,3,3.332533885,3.332533885,0,1
154,4,NA,2.097917942,1,1
155,0,6.947095176,6.947095176,0,1
155,1,6.069578287,6.069578287,0,1
155,2,3.667841353,3.667841353,0,1
155,3,NA,3.715293232,1,1
155,4,-0.496501974,-0.496501974,0,1
156,0,7.109394053,7.109394053,0,0
156,1,NA,5.576952549,1,0
156,2,NA,4.512132564,1,0
156,3,NA,4.774283196,1,0
156,4,2.956595571,2.956595571,0,0
157,0,6.097265743,6.097265743,0,0
157,1,4.487485975,4.487485975,0,0
157,2,5.183226739,5.183226739,0,0
157,3,4.896995165,4.896995165,0,0
157,4,4.611202832,4.611202832,0,0
158,0,4.95198912,4.95198912,0,1
158,1,4.556677501,4.556677501,0,1
158,2,2.057419413,2.057419413,0,1
158,3,0.754837074,0.754837074,0,1
158,4,-0.246507765,-0.246507765,0,1
159,0,6.661518453,6.661518453,0,0
159,1,4.22291448,4.22291448,0,0
159,2,4.762432676,4.762432676,0,0
159,3,3.76628905,3.76628905,0,0
159,4,4.055185204,4.055185204,0,0
160,0,5.151976362,5.151976362,0,0
160,1,5.170082601,5.170082601,0,0
160,2,NA,6.039435608,1,0
160,3,3.916207518,3.916207518,0,0
160,4,4.301054644,4.301054644,0,0
161,0,7.770386511,7.770386511,0,0
161,1,3.987140936,3.987140936,0,0
161,2,4.678383071,4.678383071,0,0
161,3,NA,5.660792676,1,0
161,4,4.530210975,4.530210975,0,0
162,0,6.10831608,6.10831608,0,1
162,1,3.678055233,3.678055233,0,1
162,2,NA,3.457038458,1,1
162,3,NA,1.564979198,1,1
162,4,-0.964321274,-0.964321274,0,1
163,0,6.576262311,6.576262311,0,0
163,1,6.535758174,6.535758174,0,0
163,2,NA,6.342615711,1,0
163,3,NA,6.112465133,1,0
163,4,4.598775941,4.598775941,0,0
164,0,7.726970112,7.726970112,0,0
164,1,6.466497111,6.466497111,0,0
164,2,7.090700016,7.090700016,0,0
164,3,3.981853014,3.981853014,0,0
164,4,5.802738315,5.802738315,0,0
165,0,5.369184207,5.369184207,0,1
165,1,4.851140572,4.851140572,0,1
165,2,3.157013118,3.157013118,0,1
165,3,0.542232391,0.542232391,0,1
165,4,-1.412691025,-1.412691025,0,1
166,0,5.841320038,5.841320038,0,1
166,1,3.095960902,3.095960902,0,1
166,2,3.68683119,3.68683119,0,1
166,3,1.851572612,1.851572612,0,1
166,4,-1.423677256,-1.423677256,0,1
167,0,7.018900899,7.018900899,0,0
167,1,6.368710487,6.368710487,0,0
167,2,6.174580338,6.174580338,0,0
167,3,3.858160829,3.858160829,0,0
167,4,3.795057189,3.795057189,0,0
168,0,6.289153752,6.289153752,0,1
168,1,6.722488178,6.722488178,0,1
168,2,4.478775075,4.478775075,0,1
168,3,3.149357347,3.149357347,0,1
168,4,1.802329445,1.802329445,0,1
169,0,3.896418856,3.896418856,0,0
169,1,3.5135009,3.5135009,0,0
169,2,3.428108305,3.428108305,0,0
169,3,1.728090578,1.728090578,0,0
169,4,2.755126477,2.755126477,0,0
170,0,7.745821299,7.745821299,0,1
170,1,4.282346627,4.282346627,0,1
170,2,2.05829005,2.05829005,0,1
170,3,-0.135455863,-0.135455863,0,1
170,4,-0.941550822,-0.941550822,0,1
171,0,6.623361635,6.623361635,0,0
171,1,5.737564143,5.737564143,0,0
171,2,4.231086654,4.231086654,0,0
171,3,2.156149531,2.156149531,0,0
171,4,0.967638686,0.967638686,0,0
172,0,NA,8.438806362,1,1
172,1,6.274702982,6.274702982,0,1
172,2,4.793466314,4.793466314,0,1
172,3,3.085531024,3.085531024,0,1
172,4,2.819999701,2.819999701,0,1
173,0,5.725095989,5.725095989,0,0
173,1,6.17723781,6.17723781,0,0
173,2,6.984751851,6.984751851,0,0
173,3,6.668783106,6.668783106,0,0
173,4,6.573904568,6.573904568,0,0
174,0,5.797153842,5.797153842,0,1
174,1,6.022195646,6.022195646,0,1
174,2,2.811900591,2.811900591,0,1
174,3,NA,3.088967139,1,1
174,4,1.003418733,1.003418733,0,1
175,0,7.734349307,7.734349307,0,1
175,1,5.057306448,5.057306448,0,1
175,2,2.236736158,2.236736158,0,1
175,3,3.912063379,3.912063379,0,1
175,4,1.196504603,1.196504603,0,1
176,0,6.676501687,6.676501687,0,0
176,1,5.229911986,5.229911986,0,0
176,2,4.634011224,4.634011224,0,0
176,3,2.987856254,2.987856254,0,0
176,4,1.857310658,1.857310658,0,0
177,0,5.834595126,5.834595126,0,0
177,1,5.712688736,5.712688736,0,0
177,2,3.704152557,3.704152557,0,0
177,3,2.880588901,2.880588901,0,0
177,4,1.84997078,1.84997078,0,0
178,0,7.388940901,7.388940901,0,0
178,1,5.858563724,5.858563724,0,0
178,2,3.945938092,3.945938092,0,0
178,3,2.00145092,2.00145092,0,0
178,4,1.212801079,1.212801079,0,0
179,0,6.469528891,6.469528891,0,0
179,1,5.830233478,5.830233478,0,0
179,2,3.911737466,3.911737466,0,0
179,3,3.050005636,3.050005636,0,0
179,4,2.424576545,2.424576545,0,0
180,0,6.771867384,6.771867384,0,0
180,1,5.755901333,5.755901333,0,0
180,2,3.808561463,3.808561463,0,0
180,3,NA,5.664247596,1,0
180,4,NA,4.62874769,1,0
181,0,8.04925806,8.04925806,0,1
181,1,3.951664108,3.951664108,0,1
181,2,3.547257644,3.547257644,0,1
181,3,NA,2.500330091,1,1
181,4,NA,1.119614897,1,1
182,0,6.629958403,6.629958403,0,1
182,1,3.082910375,3.082910375,0,1
182,2,3.205674707,3.205674707,0,1
182,3,1.402863386,1.402863386,0,1
182,4,0.984897045,0.984897045,0,1
183,0,6.304911078,6.304911078,0,1
183,1,5.706273948,5.706273948,0,1
183,2,3.083386652,3.083386652,0,1
183,3,4.190103336,4.190103336,0,1
183,4,NA,2.650312721,1,1
184,0,6.57006068,6.57006068,0,1
184,1,4.218625906,4.218625906,0,1
184,2,4.40832101,4.40832101,0,1
184,3,0.569915877,0.569915877,0,1
184,4,1.165836815,1.165836815,0,1
185,0,NA,6.098130045,1,0
185,1,5.071834884,5.071834884,0,0
185,2,NA,5.476771427,1,0
185,3,2.983104752,2.983104752,0,0
185,4,2.926402994,2.926402994,0,0
186,0,6.270507561,6.270507561,0,0
186,1,6.455935084,6.455935084,0,0
186,2,5.430216021,5.430216021,0,0
186,3,NA,6.306919903,1,0
186,4,5.518552169,5.518552169,0,0
187,0,7.174845911,7.174845911,0,1
187,1,4.624705005,4.624705005,0,1
187,2,NA,4.043693275,1,1
187,3,1.34327017,1.34327017,0,1
187,4,-2.001502627,-2.001502627,0,1
188,0,5.646822634,5.646822634,0,0
188,1,5.926244415,5.926244415,0,0
188,2,NA,6.134788846,1,0
188,3,6.12926895,6.12926895,0,0
188,4,4.757880463,4.757880463,0,0
189,0,6.944425267,6.944425267,0,1
189,1,6.276645988,6.276645988,0,1
189,2,2.182338185,2.182338185,0,1
189,3,2.940801753,2.940801753,0,1
189,4,NA,-0.140373955,1,1
190,0,7.663652876,7.663652876,0,1
190,1,4.744642039,4.744642039,0,1
190,2,4.506045167,4.506045167,0,1
190,3,2.378281772,2.378281772,0,1
190,4,2.691827422,2.691827422,0,1
191,0,5.558119931,5.558119931,0,0
191,1,4.810594436,4.810594436,0,0
191,2,4.178764146,4.178764146,0,0
191,3,3.125122266,3.125122266,0,0
191,4,3.060554144,3.060554144,0,0
192,0,7.576159544,7.576159544,0,0
192,1,8.162081525,8.162081525,0,0
192,2,NA,7.91254139,1,0
192,3,8.494081035,8.494081035,0,0
192,4,6.864562018,6.864562018,0,0
193,0,7.112410635,7.112410635,0,1
193,1,3.562380578,3.562380578,0,1
193,2,2.106122028,2.106122028,0,1
193,3,0.564125486,0.564125486,0,1
193,4,-1.252626949,-1.252626949,0,1
194,0,7.402108857,7.402108857,0,1
194,1,4.446704891,4.446704891,0,1
194,2,4.561593126,4.561593126,0,1
194,3,NA,2.383720555,1,1
194,4,1.697573206,1.697573206,0,1
195,0,6.267611721,6.267611721,0,0
195,1,5.772666805,5.772666805,0,0
195,2,4.267492498,4.267492498,0,0
195,3,2.727407704,2.727407704,0,0
195,4,1.861031498,1.861031498,0,0
196,0,6.847613092,6.847613092,0,1
196,1,5.614662563,5.614662563,0,1
196,2,NA,6.182858756,1,1
196,3,3.86729093,3.86729093,0,1
196,4,3.268154327,3.268154327,0,1
197,0,5.96177144,5.96177144,0,1
197,1,4.654758232,4.654758232,0,1
197,2,2.281724487,2.281724487,0,1
197,3,3.620344698,3.620344698,0,1
197,4,NA,2.463212291,1,1
198,0,6.306994534,6.306994534,0,0
198,1,4.461630191,4.461630191,0,0
198,2,4.693237935,4.693237935,0,0
198,3,NA,6.374051787,1,0
198,4,2.132844954,2.132844954,0,0
199,0,6.673715984,6.673715984,0,1
199,1,3.847400611,3.847400611,0,1
199,2,3.692929047,3.692929047,0,1
199,3,3.370603515,3.370603515,0,1
199,4,1.604985874,1.604985874,0,1
200,0,8.884854672,8.884854672,0,1
200,1,4.974379233,4.974379233,0,1
200,2,NA,4.93012778,1,1
200,3,3.099342204,3.099342204,0,1
200,4,NA,1.144670984,1,1
201,0,4.711827804,4.711827804,0,1
201,1,2.474538878,2.474538878,0,1
201,2,0.400664203,0.400664203,0,1
201,3,-1.675466422,-1.675466422,0,1
201,4,-2.258599217,-2.258599217,0,1
202,0,7.093122932,7.093122932,0,0
202,1,6.488107934,6.488107934,0,0
202,2,6.915515581,6.915515581,0,0
202,3,8.342287309,8.342287309,0,0
202,4,6.224288331,6.224288331,0,0
203,0,6.196839096,6.196839096,0,1
203,1,2.877317765,2.877317765,0,1
203,2,2.542998781,2.542998781,0,1
203,3,-0.242201833,-0.242201833,0,1
203,4,-0.917595033,-0.917595033,0,1
204,0,6.128154943,6.128154943,0,1
204,1,4.754280387,4.754280387,0,1
204,2,3.685527584,3.685527584,0,1
204,3,2.062920624,2.062920624,0,1
204,4,1.124690467,1.124690467,0,1
205,0,5.541510698,5.541510698,0,0
205,1,6.097033069,6.097033069,0,0
205,2,5.618040405,5.618040405,0,0
205,3,4.543516898,4.543516898,0,0
205,4,3.480301703,3.480301703,0,0
206,0,6.119794796,6.119794796,0,0
206,1,5.835971013,5.835971013,0,0
206,2,4.937155753,4.937155753,0,0
206,3,3.883975465,3.883975465,0,0
206,4,3.313743004,3.313743004,0,0
207,0,6.026889041,6.026889041,0,1
207,1,4.624537847,4.624537847,0,1
207,2,4.563422456,4.563422456,0,1
207,3,0.967486648,0.967486648,0,1
207,4,NA,2.323869302,1,1
208,0,NA,6.695900345,1,1
208,1,3.62382719,3.62382719,0,1
208,2,2.484032142,2.484032142,0,1
208,3,-0.142474538,-0.142474538,0,1
208,4,-0.84233233,-0.84233233,0,1
209,0,5.277133418,5.277133418,0,1
209,1,5.707790402,5.707790402,0,1
209,2,2.75309574,2.75309574,0,1
209,3,2.118367644,2.118367644,0,1
209,4,0.50916215,0.50916215,0,1
210,0,4.595581875,4.595581875,0,0
210,1,6.052370504,6.052370504,0,0
210,2,6.369209172,6.369209172,0,0
210,3,4.666935025,4.666935025,0,0
210,4,3.633842466,3.633842466,0,0
211,0,6.140022544,6.140022544,0,1
211,1,4.202408847,4.202408847,0,1
211,2,2.153171742,2.153171742,0,1
211,3,0.347565085,0.347565085,0,1
211,4,-0.370877376,-0.370877376,0,1
212,0,6.204605719,6.204605719,0,0
212,1,6.552384115,6.552384115,0,0
212,2,6.231840963,6.231840963,0,0
212,3,NA,5.299352346,1,0
212,4,4.121777908,4.121777908,0,0
213,0,5.855425215,5.855425215,0,1
213,1,3.767822081,3.767822081,0,1
213,2,2.664266422,2.664266422,0,1
213,3,-0.969324185,-0.969324185,0,1
213,4,-2.453512778,-2.453512778,0,1
214,0,NA,6.981804973,1,1
214,1,6.406434075,6.406434075,0,1
214,2,4.227788636,4.227788636,0,1
214,3,3.260831764,3.260831764,0,1
214,4,NA,3.22555668,1,1
215,0,5.152472315,5.152472315,0,0
215,1,5.990068515,5.990068515,0,0
215,2,5.032620283,5.032620283,0,0
215,3,5.015419639,5.015419639,0,0
215,4,1.916868812,1.916868812,0,0
216,0,6.740948731,6.740948731,0,1
216,1,5.384935661,5.384935661,0,1
216,2,4.105129967,4.105129967,0,1
216,3,3.343207713,3.343207713,0,1
216,4,NA,1.509965788,1,1
217,0,6.857603001,6.857603001,0,1
217,1,6.020440954,6.020440954,0,1
217,2,NA,4.844889117,1,1
217,3,NA,2.917727637,1,1
217,4,NA,0.97829905,1,1
218,0,5.173938204,5.173938204,0,1
218,1,5.305092578,5.305092578,0,1
218,2,4.38897944,4.38897944,0,1
218,3,2.155417541,2.155417541,0,1
218,4,1.248884088,1.248884088,0,1
219,0,4.304629715,4.304629715,0,0
219,1,4.639314941,4.639314941,0,0
219,2,3.364896031,3.364896031,0,0
219,3,2.136702406,2.136702406,0,0
219,4,NA,2.405181618,1,0
220,0,6.423126372,6.423126372,0,1
220,1,6.325259218,6.325259218,0,1
220,2,NA,3.625517586,1,1
220,3,2.180273734,2.180273734,0,1
220,4,NA,-0.191258733,1,1
221,0,7.113440968,7.113440968,0,1
221,1,5.990470481,5.990470481,0,1
221,2,3.494743884,3.494743884,0,1
221,3,1.079032431,1.079032431,0,1
221,4,-1.06726897,-1.06726897,0,1
222,0,5.113520931,5.113520931,0,1
222,1,6.418581849,6.418581849,0,1
222,2,2.533831986,2.533831986,0,1
222,3,-0.585326649,-0.585326649,0,1
222,4,-1.42725646,-1.42725646,0,1
223,0,6.568136051,6.568136051,0,1
223,1,4.807279298,4.807279298,0,1
223,2,2.906576064,2.906576064,0,1
223,3,0.600803465,0.600803465,0,1
223,4,-0.913266308,-0.913266308,0,1
224,0,6.114151403,6.114151403,0,1
224,1,4.477440728,4.477440728,0,1
224,2,4.648753796,4.648753796,0,1
224,3,1.809469731,1.809469731,0,1
224,4,0.925084227,0.925084227,0,1
225,0,7.193161235,7.193161235,0,0
225,1,7.040046507,7.040046507,0,0
225,2,6.937833031,6.937833031,0,0
225,3,6.521995512,6.521995512,0,0
225,4,4.383082143,4.383082143,0,0
226,0,NA,7.911892719,1,0
226,1,6.341073321,6.341073321,0,0
226,2,NA,8.753148299,1,0
226,3,NA,8.728026901,1,0
226,4,NA,9.680333231,1,0
227,0,5.094407716,5.094407716,0,0
227,1,5.070043703,5.070043703,0,0
227,2,NA,6.133329663,1,0
227,3,4.304481582,4.304481582,0,0
227,4,3.918674985,3.918674985,0,0
228,0,6.157564309,6.157564309,0,1
228,1,3.71870395,3.71870395,0,1
228,2,3.089934355,3.089934355,0,1
228,3,-0.002478429,-0.002478429,0,1
228,4,-1.32054823,-1.32054823,0,1
229,0,7.929113288,7.929113288,0,1
229,1,4.701925398,4.701925398,0,1
229,2,3.573295288,3.573295288,0,1
229,3,1.740660704,1.740660704,0,1
229,4,0.985708903,0.985708903,0,1
230,0,6.589763268,6.589763268,0,1
230,1,5.585529845,5.585529845,0,1
230,2,NA,4.265224806,1,1
230,3,3.029132419,3.029132419,0,1
230,4,0.102710901,0.102710901,0,1
231,0,6.215243136,6.215243136,0,1
231,1,3.586871734,3.586871734,0,1
231,2,NA,3.729433226,1,1
231,3,1.678800742,1.678800742,0,1
231,4,-0.277264111,-0.277264111,0,1
232,0,6.190135829,6.190135829,0,1
232,1,4.734785689,4.734785689,0,1
232,2,NA,3.243011006,1,1
232,3,0.837286806,0.837286806,0,1
232,4,-0.26032355,-0.26032355,0,1
233,0,8.031652945,8.031652945,0,1
233,1,6.409241907,6.409241907,0,1
233,2,NA,4.708443484,1,1
233,3,NA,4.426936643,1,1
233,4,1.743020825,1.743020825,0,1
234,0,5.772097866,5.772097866,0,0
234,1,6.313433027,6.313433027,0,0
234,2,4.590560224,4.590560224,0,0
234,3,6.580795691,6.580795691,0,0
234,4,4.741308024,4.741308024,0,0
235,0,7.567533134,7.567533134,0,0
235,1,6.998062729,6.998062729,0,0
235,2,NA,7.654826109,1,0
235,3,3.933740822,3.933740822,0,0
235,4,5.396204331,5.396204331,0,0
236,0,6.13912176,6.13912176,0,1
236,1,5.066986615,5.066986615,0,1
236,2,NA,4.315399163,1,1
236,3,NA,3.455192405,1,1
236,4,1.662612981,1.662612981,0,1
237,0,6.715260455,6.715260455,0,0
237,1,7.196530983,7.196530983,0,0
237,2,2.952513896,2.952513896,0,0
237,3,1.596261664,1.596261664,0,0
237,4,1.996934976,1.996934976,0,0
238,0,7.078352008,7.078352008,0,0
238,1,4.275608762,4.275608762,0,0
238,2,2.394644393,2.394644393,0,0
238,3,2.556997496,2.556997496,0,0
238,4,1.186570954,1.186570954,0,0
239,0,6.797220282,6.797220282,0,1
239,1,3.449871003,3.449871003,0,1
239,2,NA,3.775473895,1,1
239,3,3.521208742,3.521208742,0,1
239,4,0.55555929,0.55555929,0,1
240,0,7.976459285,7.976459285,0,1
240,1,4.035600492,4.035600492,0,1
240,2,3.86072169,3.86072169,0,1
240,3,2.059258269,2.059258269,0,1
240,4,1.112189615,1.112189615,0,1
241,0,6.208019149,6.208019149,0,0
241,1,5.523022069,5.523022069,0,0
241,2,6.409130817,6.409130817,0,0
241,3,4.491178679,4.491178679,0,0
241,4,4.230082152,4.230082152,0,0
242,0,6.734781097,6.734781097,0,0
242,1,6.593142785,6.593142785,0,0
242,2,NA,6.082681484,1,0
242,3,4.665779949,4.665779949,0,0
242,4,3.862164219,3.862164219,0,0
243,0,7.216884967,7.216884967,0,0
243,1,5.811537133,5.811537133,0,0
243,2,5.554864072,5.554864072,0,0
243,3,NA,4.776650217,1,0
243,4,3.380405991,3.380405991,0,0
244,0,5.868961576,5.868961576,0,0
244,1,3.579325162,3.579325162,0,0
244,2,3.45530807,3.45530807,0,0
244,3,2.442742012,2.442742012,0,0
244,4,1.276590352,1.276590352,0,0
245,0,7.609398343,7.609398343,0,0
245,1,6.414775287,6.414775287,0,0
245,2,5.108370651,5.108370651,0,0
245,3,4.34905919,4.34905919,0,0
245,4,4.547906806,4.547906806,0,0
246,0,5.510668122,5.510668122,0,0
246,1,5.877592333,5.877592333,0,0
246,2,4.550221571,4.550221571,0,0
246,3,3.582658421,3.582658421,0,0
246,4,1.468496953,1.468496953,0,0
247,0,5.915056457,5.915056457,0,0
247,1,4.656109147,4.656109147,0,0
247,2,2.368603982,2.368603982,0,0
247,3,3.185075302,3.185075302,0,0
247,4,3.39511992,3.39511992,0,0
248,0,6.096083215,6.096083215,0,1
248,1,5.011248852,5.011248852,0,1
248,2,NA,3.8413504,1,1
248,3,2.564743947,2.564743947,0,1
248,4,1.802346433,1.802346433,0,1
249,0,8.454605804,8.454605804,0,1
249,1,NA,7.143739249,1,1
249,2,NA,7.878728789,1,1
249,3,6.310948807,6.310948807,0,1
249,4,NA,5.795058219,1,1
250,0,6.19812468,6.19812468,0,0
250,1,4.94221597,4.94221597,0,0
250,2,NA,5.131487924,1,0
250,3,2.665816247,2.665816247,0,0
250,4,2.88303733,2.88303733,0,0
251,0,5.911284957,5.911284957,0,1
251,1,5.817501186,5.817501186,0,1
251,2,4.12817902,4.12817902,0,1
251,3,1.430302421,1.430302421,0,1
251,4,0.554060776,0.554060776,0,1
252,0,7.151669146,7.151669146,0,0
252,1,5.883699262,5.883699262,0,0
252,2,4.670920069,4.670920069,0,0
252,3,3.641864937,3.641864937,0,0
252,4,3.87843384,3.87843384,0,0
253,0,5.967894104,5.967894104,0,1
253,1,4.679880246,4.679880246,0,1
253,2,3.753425941,3.753425941,0,1
253,3,1.128878744,1.128878744,0,1
253,4,0.325478931,0.325478931,0,1
254,0,5.450975699,5.450975699,0,1
254,1,2.783582751,2.783582751,0,1
254,2,1.614217037,1.614217037,0,1
254,3,0.787553828,0.787553828,0,1
254,4,0.709225123,0.709225123,0,1
255,0,7.593927051,7.593927051,0,0
255,1,6.779473528,6.779473528,0,0
255,2,5.079078233,5.079078233,0,0
255,3,5.589271639,5.589271639,0,0
255,4,4.387087818,4.387087818,0,0
256,0,6.79385189,6.79385189,0,0
256,1,5.433335544,5.433335544,0,0
256,2,4.08752245,4.08752245,0,0
256,3,1.480878383,1.480878383,0,0
256,4,1.108665056,1.108665056,0,0
257,0,6.836561145,6.836561145,0,1
257,1,5.611130977,5.611130977,0,1
257,2,2.947615261,2.947615261,0,1
257,3,2.615993388,2.615993388,0,1
257,4,2.801410605,2.801410605,0,1
258,0,6.229282602,6.229282602,0,1
258,1,5.859110529,5.859110529,0,1
258,2,4.092503577,4.092503577,0,1
258,3,2.102488144,2.102488144,0,1
258,4,NA,2.583158423,1,1
259,0,7.591488093,7.591488093,0,1
259,1,5.946980147,5.946980147,0,1
259,2,NA,4.883039621,1,1
259,3,NA,4.718992143,1,1
259,4,2.472126784,2.472126784,0,1
260,0,8.287230987,8.287230987,0,1
260,1,NA,8.299070208,1,1
260,2,NA,6.378253099,1,1
260,3,NA,6.321836185,1,1
260,4,NA,4.109215627,1,1
261,0,6.89120987,6.89120987,0,0
261,1,7.875397156,7.875397156,0,0
261,2,4.322302457,4.322302457,0,0
261,3,5.895860421,5.895860421,0,0
261,4,6.052781718,6.052781718,0,0
262,0,6.048168314,6.048168314,0,0
262,1,4.777219648,4.777219648,0,0
262,2,4.200668897,4.200668897,0,0
262,3,3.161008014,3.161008014,0,0
262,4,1.869128186,1.869128186,0,0
263,0,NA,9.060741872,1,0
263,1,7.358385323,7.358385323,0,0
263,2,5.972154161,5.972154161,0,0
263,3,7.406694478,7.406694478,0,0
263,4,6.310883453,6.310883453,0,0
264,0,6.265249069,6.265249069,0,0
264,1,5.618576812,5.618576812,0,0
264,2,6.248488551,6.248488551,0,0
264,3,4.690537056,4.690537056,0,0
264,4,7.740681913,7.740681913,0,0
265,0,6.143956491,6.143956491,0,0
265,1,6.150286033,6.150286033,0,0
265,2,4.180358668,4.180358668,0,0
265,3,5.029144249,5.029144249,0,0
265,4,5.310964181,5.310964181,0,0
266,0,5.443509302,5.443509302,0,1
266,1,3.805595583,3.805595583,0,1
266,2,3.128558827,3.128558827,0,1
266,3,NA,1.875312469,1,1
266,4,NA,-0.905064912,1,1
267,0,6.166484135,6.166484135,0,1
267,1,6.604891106,6.604891106,0,1
267,2,3.763268444,3.763268444,0,1
267,3,1.439451832,1.439451832,0,1
267,4,2.033164897,2.033164897,0,1
268,0,NA,7.749966178,1,0
268,1,6.591365784,6.591365784,0,0
268,2,6.275113366,6.275113366,0,0
268,3,6.693855685,6.693855685,0,0
268,4,5.617275608,5.617275608,0,0
269,0,6.85087664,6.85087664,0,0
269,1,7.655490622,7.655490622,0,0
269,2,NA,5.859967125,1,0
269,3,4.395095474,4.395095474,0,0
269,4,5.050234142,5.050234142,0,0
270,0,5.980690737,5.980690737,0,0
270,1,6.235502899,6.235502899,0,0
270,2,7.097878814,7.097878814,0,0
270,3,6.293262809,6.293262809,0,0
270,4,7.095651796,7.095651796,0,0
271,0,7.44642298,7.44642298,0,1
271,1,5.803103251,5.803103251,0,1
271,2,4.661837455,4.661837455,0,1
271,3,3.701205817,3.701205817,0,1
271,4,2.428199205,2.428199205,0,1
272,0,6.811082184,6.811082184,0,1
272,1,NA,6.323201968,1,1
272,2,3.501824552,3.501824552,0,1
272,3,NA,3.568527157,1,1
272,4,0.252289832,0.252289832,0,1
273,0,6.357311213,6.357311213,0,1
273,1,6.551347466,6.551347466,0,1
273,2,2.826422236,2.826422236,0,1
273,3,1.342034606,1.342034606,0,1
273,4,2.282050564,2.282050564,0,1
274,0,4.943177262,4.943177262,0,0
274,1,4.66717711,4.66717711,0,0
274,2,4.497493776,4.497493776,0,0
274,3,2.205211155,2.205211155,0,0
274,4,2.883193089,2.883193089,0,0
275,0,6.15866804,6.15866804,0,0
275,1,8.24612649,8.24612649,0,0
275,2,NA,7.648234976,1,0
275,3,6.23168183,6.23168183,0,0
275,4,NA,7.477834124,1,0
276,0,6.470916941,6.470916941,0,1
276,1,3.3919595,3.3919595,0,1
276,2,3.495145073,3.495145073,0,1
276,3,-0.168486169,-0.168486169,0,1
276,4,-0.994722936,-0.994722936,0,1
277,0,8.001921331,8.001921331,0,1
277,1,5.493558039,5.493558039,0,1
277,2,NA,4.840557517,1,1
277,3,4.323616806,4.323616806,0,1
277,4,1.469019046,1.469019046,0,1
278,0,7.266789911,7.266789911,0,1
278,1,4.960843067,4.960843067,0,1
278,2,4.407555026,4.407555026,0,1
278,3,2.367077062,2.367077062,0,1
278,4,2.721551295,2.721551295,0,1
279,0,6.560105833,6.560105833,0,1
279,1,4.680163705,4.680163705,0,1
279,2,2.642055929,2.642055929,0,1
279,3,0.601770796,0.601770796,0,1
279,4,-1.542073508,-1.542073508,0,1
280,0,6.949197943,6.949197943,0,0
280,1,7.518005182,7.518005182,0,0
280,2,5.295629921,5.295629921,0,0
280,3,6.363976275,6.363976275,0,0
280,4,NA,4.903400531,1,0
281,0,5.644405732,5.644405732,0,1
281,1,5.401257178,5.401257178,0,1
281,2,3.732681158,3.732681158,0,1
281,3,1.505906545,1.505906545,0,1
281,4,-0.449641509,-0.449641509,0,1
282,0,5.507561291,5.507561291,0,0
282,1,7.243079158,7.243079158,0,0
282,2,4.941951231,4.941951231,0,0
282,3,NA,5.654095125,1,0
282,4,6.173840791,6.173840791,0,0
283,0,4.95435158,4.95435158,0,1
283,1,6.153386678,6.153386678,0,1
283,2,3.769562464,3.769562464,0,1
283,3,2.284984357,2.284984357,0,1
283,4,-0.879910733,-0.879910733,0,1
284,0,6.590013805,6.590013805,0,1
284,1,4.899447456,4.899447456,0,1
284,2,3.536433002,3.536433002,0,1
284,3,NA,2.671303326,1,1
284,4,1.369631838,1.369631838,0,1
285,0,7.249829004,7.249829004,0,1
285,1,5.997450315,5.997450315,0,1
285,2,3.298973929,3.298973929,0,1
285,3,2.539152761,2.539152761,0,1
285,4,0.357975959,0.357975959,0,1
286,0,6.931274713,6.931274713,0,1
286,1,6.428404305,6.428404305,0,1
286,2,4.102212634,4.102212634,0,1
286,3,2.330628107,2.330628107,0,1
286,4,0.054506782,0.054506782,0,1
287,0,7.235976682,7.235976682,0,1
287,1,5.474821446,5.474821446,0,1
287,2,NA,5.233946587,1,1
287,3,NA,4.05898938,1,1
287,4,4.584101328,4.584101328,0,1
288,0,5.055407505,5.055407505,0,0
288,1,5.633252984,5.633252984,0,0
288,2,5.85749705,5.85749705,0,0
288,3,4.914958236,4.914958236,0,0
288,4,4.129006261,4.129006261,0,0
289,0,5.019204592,5.019204592,0,1
289,1,3.614977108,3.614977108,0,1
289,2,2.962136002,2.962136002,0,1
289,3,2.117617934,2.117617934,0,1
289,4,-0.408251299,-0.408251299,0,1
290,0,7.081627985,7.081627985,0,1
290,1,3.510598388,3.510598388,0,1
290,2,2.706904199,2.706904199,0,1
290,3,2.447926932,2.447926932,0,1
290,4,-1.075698826,-1.075698826,0,1
291,0,7.727412067,7.727412067,0,0
291,1,5.978088484,5.978088484,0,0
291,2,5.326488198,5.326488198,0,0
291,3,5.238023858,5.238023858,0,0
291,4,2.746179917,2.746179917,0,0
292,0,8.288859191,8.288859191,0,0
292,1,4.846029118,4.846029118,0,0
292,2,NA,6.050988985,1,0
292,3,6.197504419,6.197504419,0,0
292,4,4.376351411,4.376351411,0,0
293,0,6.42346187,6.42346187,0,1
293,1,5.023767244,5.023767244,0,1
293,2,2.592136271,2.592136271,0,1
293,3,-0.310016011,-0.310016011,0,1
293,4,-0.885860201,-0.885860201,0,1
294,0,7.870070341,7.870070341,0,1
294,1,3.977407146,3.977407146,0,1
294,2,2.518342846,2.518342846,0,1
294,3,1.297507302,1.297507302,0,1
294,4,-1.062320128,-1.062320128,0,1
295,0,6.295964606,6.295964606,0,0
295,1,6.481860293,6.481860293,0,0
295,2,NA,5.593805914,1,0
295,3,NA,8.187622392,1,0
295,4,NA,7.31003168,1,0
296,0,5.729020909,5.729020909,0,1
296,1,5.139726149,5.139726149,0,1
296,2,NA,4.314689771,1,1
296,3,1.190589317,1.190589317,0,1
296,4,-0.605517258,-0.605517258,0,1
297,0,5.351790593,5.351790593,0,0
297,1,4.953840104,4.953840104,0,0
297,2,5.012842759,5.012842759,0,0
297,3,NA,5.955211037,1,0
297,4,3.952179116,3.952179116,0,0
298,0,6.405900808,6.405900808,0,1
298,1,3.994503296,3.994503296,0,1
298,2,1.646282242,1.646282242,0,1
298,3,-0.309960207,-0.309960207,0,1
298,4,-1.842449292,-1.842449292,0,1
299,0,4.38366063,4.38366063,0,1
299,1,4.18982188,4.18982188,0,1
299,2,2.42959776,2.42959776,0,1
299,3,0.758393155,0.758393155,0,1
299,4,-1.456165439,-1.456165439,0,1
300,0,5.203595332,5.203595332,0,1
300,1,3.295668352,3.295668352,0,1
300,2,3.162162865,3.162162865,0,1
300,3,NA,3.275905798,1,1
300,4,0.749940928,0.749940928,0,1
301,0,7.244980584,7.244980584,0,1
301,1,5.557771297,5.557771297,0,1
301,2,4.63833297,4.63833297,0,1
301,3,2.43571454,2.43571454,0,1
301,4,3.246963816,3.246963816,0,1
302,0,5.988063637,5.988063637,0,1
302,1,3.716823718,3.716823718,0,1
302,2,3.093041982,3.093041982,0,1
302,3,1.332191622,1.332191622,0,1
302,4,-0.8709487,-0.8709487,0,1
303,0,7.088339577,7.088339577,0,0
303,1,7.208731237,7.208731237,0,0
303,2,5.681588926,5.681588926,0,0
303,3,NA,7.528359624,1,0
303,4,NA,6.918871058,1,0
304,0,NA,7.416296666,1,0
304,1,4.456527358,4.456527358,0,0
304,2,4.968014264,4.968014264,0,0
304,3,NA,5.786605816,1,0
304,4,2.523936022,2.523936022,0,0
305,0,6.144801326,6.144801326,0,1
305,1,5.144933494,5.144933494,0,1
305,2,4.107857995,4.107857995,0,1
305,3,3.113576945,3.113576945,0,1
305,4,2.037349284,2.037349284,0,1
306,0,6.215081457,6.215081457,0,0
306,1,2.800303831,2.800303831,0,0
306,2,3.523531781,3.523531781,0,0
306,3,2.380388446,2.380388446,0,0
306,4,0.294168608,0.294168608,0,0
307,0,5.447188302,5.447188302,0,1
307,1,4.632147315,4.632147315,0,1
307,2,1.893853339,1.893853339,0,1
307,3,0.435002128,0.435002128,0,1
307,4,-0.663564238,-0.663564238,0,1
308,0,5.348778222,5.348778222,0,1
308,1,5.215975395,5.215975395,0,1
308,2,4.338243835,4.338243835,0,1
308,3,2.108492978,2.108492978,0,1
308,4,3.275129278,3.275129278,0,1
309,0,5.791853693,5.791853693,0,1
309,1,4.241339223,4.241339223,0,1
309,2,3.407008667,3.407008667,0,1
309,3,NA,1.717622928,1,1
309,4,NA,0.482956766,1,1
310,0,6.311224845,6.311224845,0,1
310,1,NA,5.101588709,1,1
310,2,2.138343674,2.138343674,0,1
310,3,2.144797031,2.144797031,0,1
310,4,-2.237533499,-2.237533499,0,1
311,0,7.309797493,7.309797493,0,1
311,1,6.052108379,6.052108379,0,1
311,2,3.953121861,3.953121861,0,1
311,3,3.691618029,3.691618029,0,1
311,4,1.033458734,1.033458734,0,1
312,0,6.061746062,6.061746062,0,1
312,1,NA,6.393428477,1,1
312,2,3.679673036,3.679673036,0,1
312,3,2.130331262,2.130331262,0,1
312,4,2.020106541,2.020106541,0,1
313,0,6.071829,6.071829,0,0
313,1,5.924744523,5.924744523,0,0
313,2,4.048975961,4.048975961,0,0
313,3,4.022480091,4.022480091,0,0
313,4,1.802068959,1.802068959,0,0
314,0,NA,6.372013169,1,1
314,1,6.006159738,6.006159738,0,1
314,2,4.125207556,4.125207556,0,1
314,3,NA,3.453276414,1,1
314,4,NA,1.149506136,1,1
315,0,5.853815477,5.853815477,0,1
315,1,5.409803503,5.409803503,0,1
315,2,3.968505747,3.968505747,0,1
315,3,0.811765192,0.811765192,0,1
315,4,3.029373556,3.029373556,0,1
316,0,NA,7.603222826,1,0
316,1,5.971551202,5.971551202,0,0
316,2,6.124607928,6.124607928,0,0
316,3,5.882518001,5.882518001,0,0
316,4,NA,6.111336088,1,0
317,0,NA,6.944709443,1,1
317,1,5.63977201,5.63977201,0,1
317,2,3.616356267,3.616356267,0,1
317,3,2.788034082,2.788034082,0,1
317,4,1.026366214,1.026366214,0,1
318,0,5.625940418,5.625940418,0,1
318,1,4.722479149,4.722479149,0,1
318,2,4.087346116,4.087346116,0,1
318,3,1.645547251,1.645547251,0,1
318,4,1.317839019,1.317839019,0,1
319,0,6.2877878,6.2877878,0,1
319,1,5.316213944,5.316213944,0,1
319,2,2.108581909,2.108581909,0,1
319,3,NA,2.398455344,1,1
319,4,-0.138477574,-0.138477574,0,1
320,0,6.140324138,6.140324138,0,0
320,1,4.692007543,4.692007543,0,0
320,2,NA,4.680613211,1,0
320,3,2.823839569,2.823839569,0,0
320,4,-0.122390177,-0.122390177,0,0
321,0,7.884612102,7.884612102,0,1
321,1,NA,5.87051483,1,1
321,2,3.692701891,3.692701891,0,1
321,3,NA,3.021154093,1,1
321,4,NA,2.099691453,1,1
322,0,5.13054666,5.13054666,0,0
322,1,5.073366195,5.073366195,0,0
322,2,2.286504597,2.286504597,0,0
322,3,2.294394126,2.294394126,0,0
322,4,0.645471359,0.645471359,0,0
323,0,6.362318778,6.362318778,0,0
323,1,3.940580305,3.940580305,0,0
323,2,2.423304878,2.423304878,0,0
323,3,NA,4.395563981,1,0
323,4,NA,2.990010516,1,0
324,0,4.807851717,4.807851717,0,1
324,1,4.042825061,4.042825061,0,1
324,2,2.871536299,2.871536299,0,1
324,3,1.077693374,1.077693374,0,1
324,4,0.512784773,0.512784773,0,1
325,0,NA,7.02828128,1,1
325,1,3.893509768,3.893509768,0,1
325,2,3.001456479,3.001456479,0,1
325,3,1.334406342,1.334406342,0,1
325,4,NA,2.116576335,1,1
326,0,5.79034912,5.79034912,0,0
326,1,4.546912218,4.546912218,0,0
326,2,2.945450173,2.945450173,0,0
326,3,-0.015126132,-0.015126132,0,0
326,4,-0.939662647,-0.939662647,0,0
327,0,6.769959881,6.769959881,0,1
327,1,4.679721982,4.679721982,0,1
327,2,5.750004313,5.750004313,0,1
327,3,3.487037296,3.487037296,0,1
327,4,2.787071579,2.787071579,0,1
328,0,5.573374795,5.573374795,0,1
328,1,4.910956697,4.910956697,0,1
328,2,3.132259346,3.132259346,0,1
328,3,NA,2.16093953,1,1
328,4,NA,0.243572731,1,1
329,0,7.668861091,7.668861091,0,1
329,1,4.902227336,4.902227336,0,1
329,2,2.632866032,2.632866032,0,1
329,3,2.471321366,2.471321366,0,1
329,4,-0.195549044,-0.195549044,0,1
330,0,NA,8.484170798,1,1
330,1,4.197696034,4.197696034,0,1
330,2,3.17563746,3.17563746,0,1
330,3,1.204627822,1.204627822,0,1
330,4,-0.241302788,-0.241302788,0,1
331,0,5.528469929,5.528469929,0,1
331,1,5.66383613,5.66383613,0,1
331,2,NA,4.285288672,1,1
331,3,NA,3.52857015,1,1
331,4,NA,3.639069191,1,1
332,0,4.678179085,4.678179085,0,0
332,1,4.548094424,4.548094424,0,0
332,2,NA,6.632902261,1,0
332,3,4.064926274,4.064926274,0,0
332,4,3.377019261,3.377019261,0,0
333,0,7.01559784,7.01559784,0,0
333,1,7.094676272,7.094676272,0,0
333,2,NA,5.457691803,1,0
333,3,5.714937066,5.714937066,0,0
333,4,3.832719882,3.832719882,0,0
334,0,7.860169314,7.860169314,0,0
334,1,5.556645048,5.556645048,0,0
334,2,5.966219363,5.966219363,0,0
334,3,3.930783264,3.930783264,0,0
334,4,3.771461616,3.771461616,0,0
335,0,6.133463723,6.133463723,0,1
335,1,5.353881189,5.353881189,0,1
335,2,2.074472552,2.074472552,0,1
335,3,1.17796028,1.17796028,0,1
335,4,-3.639363507,-3.639363507,0,1
336,0,5.972437929,5.972437929,0,1
336,1,3.70842096,3.70842096,0,1
336,2,2.196882143,2.196882143,0,1
336,3,0.935284261,0.935284261,0,1
336,4,-2.36044417,-2.36044417,0,1
337,0,6.859578872,6.859578872,0,0
337,1,4.243158794,4.243158794,0,0
337,2,4.885327328,4.885327328,0,0
337,3,4.538762536,4.538762536,0,0
337,4,NA,5.185634457,1,0
338,0,6.799318841,6.799318841,0,0
338,1,4.3754838,4.3754838,0,0
338,2,3.97853172,3.97853172,0,0
338,3,NA,4.451810273,1,0
338,4,2.831623392,2.831623392,0,0
339,0,6.161260718,6.161260718,0,1
339,1,5.622993123,5.622993123,0,1
339,2,NA,4.217855857,1,1
339,3,2.0400875,2.0400875,0,1
339,4,-0.455861918,-0.455861918,0,1
340,0,5.570281028,5.570281028,0,0
340,1,6.229049062,6.229049062,0,0
340,2,7.229470584,7.229470584,0,0
340,3,5.240837347,5.240837347,0,0
340,4,5.051409727,5.051409727,0,0
341,0,5.356764012,5.356764012,0,1
341,1,3.940320356,3.940320356,0,1
341,2,2.342614609,2.342614609,0,1
341,3,-1.565571259,-1.565571259,0,1
341,4,-3.149587412,-3.149587412,0,1
342,0,NA,6.008893252,1,0
342,1,5.16177045,5.16177045,0,0
342,2,4.875523461,4.875523461,0,0
342,3,4.786685113,4.786685113,0,0
342,4,5.232305266,5.232305266,0,0
343,0,6.898902826,6.898902826,0,0
343,1,7.977208653,7.977208653,0,0
343,2,4.25185273,4.25185273,0,0
343,3,4.96528205,4.96528205,0,0
343,4,3.785308396,3.785308396,0,0
344,0,4.75870805,4.75870805,0,0
344,1,3.483048636,3.483048636,0,0
344,2,2.990264501,2.990264501,0,0
344,3,1.440716482,1.440716482,0,0
344,4,1.100659339,1.100659339,0,0
345,0,6.256755635,6.256755635,0,1
345,1,4.412079906,4.412079906,0,1
345,2,NA,3.336177407,1,1
345,3,NA,1.944828821,1,1
345,4,-1.146585117,-1.146585117,0,1
346,0,5.467756712,5.467756712,0,0
346,1,5.566365663,5.566365663,0,0
346,2,4.183671764,4.183671764,0,0
346,3,4.227841171,4.227841171,0,0
346,4,4.49191676,4.49191676,0,0
347,0,5.151353282,5.151353282,0,0
347,1,3.488379145,3.488379145,0,0
347,2,1.890511602,1.890511602,0,0
347,3,1.057745013,1.057745013,0,0
347,4,-0.497340246,-0.497340246,0,0
348,0,NA,5.639865259,1,0
348,1,4.178075294,4.178075294,0,0
348,2,4.434081559,4.434081559,0,0
348,3,2.211811354,2.211811354,0,0
348,4,3.424808369,3.424808369,0,0
349,0,4.39632583,4.39632583,0,1
349,1,5.568550857,5.568550857,0,1
349,2,1.676688198,1.676688198,0,1
349,3,2.373234864,2.373234864,0,1
349,4,-1.18788885,-1.18788885,0,1
350,0,4.94635703,4.94635703,0,0
350,1,4.510838858,4.510838858,0,0
350,2,4.471473632,4.471473632,0,0
350,3,3.480786923,3.480786923,0,0
350,4,1.61675398,1.61675398,0,0
351,0,5.852560293,5.852560293,0,0
351,1,4.31894229,4.31894229,0,0
351,2,4.070597421,4.070597421,0,0
351,3,3.891876886,3.891876886,0,0
351,4,4.316318172,4.316318172,0,0
352,0,7.022231296,7.022231296,0,0
352,1,4.985447549,4.985447549,0,0
352,2,4.286142166,4.286142166,0,0
352,3,4.276299494,4.276299494,0,0
352,4,2.119721523,2.119721523,0,0
353,0,6.929141915,6.929141915,0,0
353,1,5.028776121,5.028776121,0,0
353,2,5.094072556,5.094072556,0,0
353,3,NA,5.315451389,1,0
353,4,3.325362632,3.325362632,0,0
354,0,5.984559405,5.984559405,0,0
354,1,5.283717025,5.283717025,0,0
354,2,4.24280472,4.24280472,0,0
354,3,4.854362439,4.854362439,0,0
354,4,2.564075526,2.564075526,0,0
355,0,7.234544869,7.234544869,0,0
355,1,4.561523475,4.561523475,0,0
355,2,4.340475661,4.340475661,0,0
355,3,2.583439313,2.583439313,0,0
355,4,NA,3.979176999,1,0
356,0,6.301304442,6.301304442,0,0
356,1,3.890932418,3.890932418,0,0
356,2,NA,6.324266843,1,0
356,3,NA,5.184433121,1,0
356,4,3.293007355,3.293007355,0,0
357,0,6.96695716,6.96695716,0,1
357,1,5.2446817,5.2446817,0,1
357,2,5.674165967,5.674165967,0,1
357,3,4.835811995,4.835811995,0,1
357,4,NA,4.673806479,1,1
358,0,NA,7.685261581,1,1
358,1,NA,5.16845277,1,1
358,2,NA,5.101664796,1,1
358,3,3.120473458,3.120473458,0,1
358,4,1.269124884,1.269124884,0,1
359,0,4.869435372,4.869435372,0,1
359,1,2.784849909,2.784849909,0,1
359,2,2.072537717,2.072537717,0,1
359,3,0.350615848,0.350615848,0,1
359,4,-2.166336364,-2.166336364,0,1
360,0,6.308663787,6.308663787,0,0
360,1,4.475307635,4.475307635,0,0
360,2,3.61382915,3.61382915,0,0
360,3,2.682424723,2.682424723,0,0
360,4,1.824365243,1.824365243,0,0
361,0,NA,8.517594416,1,1
361,1,4.454688345,4.454688345,0,1
361,2,NA,4.060083926,1,1
361,3,NA,2.392876985,1,1
361,4,NA,2.298725701,1,1
362,0,6.7521914,6.7521914,0,1
362,1,6.405643089,6.405643089,0,1
362,2,3.958045769,3.958045769,0,1
362,3,NA,2.407942009,1,1
362,4,0.833041892,0.833041892,0,1
363,0,6.162150108,6.162150108,0,1
363,1,4.766717006,4.766717006,0,1
363,2,5.332971806,5.332971806,0,1
363,3,2.517665774,2.517665774,0,1
363,4,NA,2.82103465,1,1
364,0,6.633435475,6.633435475,0,1
364,1,6.054398536,6.054398536,0,1
364,2,3.110863737,3.110863737,0,1
364,3,1.32790086,1.32790086,0,1
364,4,0.3400798,0.3400798,0,1
365,0,NA,7.328191222,1,1
365,1,NA,7.078623166,1,1
365,2,5.308071427,5.308071427,0,1
365,3,NA,4.538441359,1,1
365,4,NA,4.577285828,1,1
366,0,6.274782029,6.274782029,0,0
366,1,4.734716049,4.734716049,0,0
366,2,2.990475528,2.990475528,0,0
366,3,1.851681303,1.851681303,0,0
366,4,0.919430859,0.919430859,0,0
367,0,7.410374677,7.410374677,0,0
367,1,7.859081941,7.859081941,0,0
367,2,NA,7.232569814,1,0
367,3,5.686395624,5.686395624,0,0
367,4,2.997381203,2.997381203,0,0
368,0,NA,7.248869615,1,1
368,1,5.016140866,5.016140866,0,1
368,2,2.215351165,2.215351165,0,1
368,3,NA,1.440256442,1,1
368,4,NA,0.553956512,1,1
369,0,6.827767707,6.827767707,0,0
369,1,5.719272188,5.719272188,0,0
369,2,4.07737806,4.07737806,0,0
369,3,4.444755274,4.444755274,0,0
369,4,2.49381253,2.49381253,0,0
370,0,5.629575513,5.629575513,0,1
370,1,4.321081284,4.321081284,0,1
370,2,0.99191074,0.99191074,0,1
370,3,NA,1.558116142,1,1
370,4,-0.629911913,-0.629911913,0,1
371,0,6.218451025,6.218451025,0,1
371,1,3.496773766,3.496773766,0,1
371,2,4.013254528,4.013254528,0,1
371,3,2.829566934,2.829566934,0,1
371,4,NA,0.560870313,1,1
372,0,8.26851675,8.26851675,0,0
372,1,6.491839332,6.491839332,0,0
372,2,5.56162748,5.56162748,0,0
372,3,1.634580532,1.634580532,0,0
372,4,2.4140574,2.4140574,0,0
373,0,6.048223212,6.048223212,0,0
373,1,NA,5.010207318,1,0
373,2,3.593016147,3.593016147,0,0
373,3,2.700762934,2.700762934,0,0
373,4,2.479182996,2.479182996,0,0
374,0,6.600286981,6.600286981,0,0
374,1,6.167505102,6.167505102,0,0
374,2,5.605312374,5.605312374,0,0
374,3,2.567150542,2.567150542,0,0
374,4,3.459530344,3.459530344,0,0
375,0,5.844331881,5.844331881,0,0
375,1,5.346240853,5.346240853,0,0
375,2,NA,5.398175857,1,0
375,3,4.392581158,4.392581158,0,0
375,4,2.358495393,2.358495393,0,0
376,0,6.438994605,6.438994605,0,1
376,1,6.515062438,6.515062438,0,1
376,2,NA,6.109860554,1,1
376,3,NA,3.833976687,1,1
376,4,NA,1.799320119,1,1
377,0,6.714542455,6.714542455,0,1
377,1,3.976183392,3.976183392,0,1
377,2,2.269437725,2.269437725,0,1
377,3,-1.233471226,-1.233471226,0,1
377,4,-2.415441801,-2.415441801,0,1
378,0,5.39057056,5.39057056,0,0
378,1,5.406272305,5.406272305,0,0
378,2,2.552980984,2.552980984,0,0
378,3,3.271890607,3.271890607,0,0
378,4,-0.289676185,-0.289676185,0,0
379,0,6.34703723,6.34703723,0,1
379,1,2.637837601,2.637837601,0,1
379,2,3.560145508,3.560145508,0,1
379,3,1.827025667,1.827025667,0,1
379,4,-1.0515061,-1.0515061,0,1
380,0,6.680025413,6.680025413,0,1
380,1,5.049439481,5.049439481,0,1
380,2,1.721066903,1.721066903,0,1
380,3,1.700880506,1.700880506,0,1
380,4,0.004912221,0.004912221,0,1
381,0,6.850811758,6.850811758,0,0
381,1,4.963846175,4.963846175,0,0
381,2,3.565297821,3.565297821,0,0
381,3,3.916286912,3.916286912,0,0
381,4,1.550138013,1.550138013,0,0
382,0,5.07858386,5.07858386,0,0
382,1,5.719533532,5.719533532,0,0
382,2,5.417334307,5.417334307,0,0
382,3,1.594177257,1.594177257,0,0
382,4,2.10046858,2.10046858,0,0
383,0,6.725013118,6.725013118,0,1
383,1,5.482120839,5.482120839,0,1
383,2,NA,6.108180944,1,1
383,3,3.017066391,3.017066391,0,1
383,4,2.644723908,2.644723908,0,1
384,0,5.356194656,5.356194656,0,0
384,1,5.439151182,5.439151182,0,0
384,2,3.401951508,3.401951508,0,0
384,3,NA,4.302243081,1,0
384,4,0.492123059,0.492123059,0,0
385,0,5.218699718,5.218699718,0,0
385,1,6.972031312,6.972031312,0,0
385,2,6.175146111,6.175146111,0,0
385,3,6.506461318,6.506461318,0,0
385,4,6.298391479,6.298391479,0,0
386,0,7.430541657,7.430541657,0,0
386,1,5.105729788,5.105729788,0,0
386,2,3.329444252,3.329444252,0,0
386,3,1.764332228,1.764332228,0,0
386,4,-0.715973516,-0.715973516,0,0
387,0,7.007351731,7.007351731,0,0
387,1,4.610601865,4.610601865,0,0
387,2,4.282587363,4.282587363,0,0
387,3,2.850561463,2.850561463,0,0
387,4,1.922305424,1.922305424,0,0
388,0,NA,6.997359796,1,1
388,1,NA,6.084221403,1,1
388,2,3.135424892,3.135424892,0,1
388,3,NA,4.184117866,1,1
388,4,NA,1.56002632,1,1
389,0,5.472949917,5.472949917,0,0
389,1,6.857001628,6.857001628,0,0
389,2,4.806377904,4.806377904,0,0
389,3,4.664507299,4.664507299,0,0
389,4,4.697004169,4.697004169,0,0
390,0,5.409375221,5.409375221,0,1
390,1,5.789540459,5.789540459,0,1
390,2,2.375649883,2.375649883,0,1
390,3,0.96570088,0.96570088,0,1
390,4,0.268552428,0.268552428,0,1
391,0,5.767580838,5.767580838,0,0
391,1,5.05996027,5.05996027,0,0
391,2,3.353525637,3.353525637,0,0
391,3,3.847978583,3.847978583,0,0
391,4,2.787976154,2.787976154,0,0
392,0,7.858205775,7.858205775,0,0
392,1,5.931120837,5.931120837,0,0
392,2,6.005084373,6.005084373,0,0
392,3,5.468969313,5.468969313,0,0
392,4,3.915913896,3.915913896,0,0
393,0,5.306332131,5.306332131,0,0
393,1,7.104175637,7.104175637,0,0
393,2,4.213443515,4.213443515,0,0
393,3,3.915506705,3.915506705,0,0
393,4,4.414315207,4.414315207,0,0
394,0,7.521524656,7.521524656,0,1
394,1,6.693946328,6.693946328,0,1
394,2,NA,4.421856314,1,1
394,3,NA,4.714309465,1,1
394,4,2.276592857,2.276592857,0,1
395,0,6.373534206,6.373534206,0,1
395,1,5.393940101,5.393940101,0,1
395,2,1.432106197,1.432106197,0,1
395,3,1.17281682,1.17281682,0,1
395,4,-0.797702783,-0.797702783,0,1
396,0,5.742254633,5.742254633,0,1
396,1,4.895576896,4.895576896,0,1
396,2,3.062339995,3.062339995,0,1
396,3,NA,1.380864316,1,1
396,4,-1.757314471,-1.757314471,0,1
397,0,6.769909494,6.769909494,0,1
397,1,4.808190423,4.808190423,0,1
397,2,1.477522444,1.477522444,0,1
397,3,-1.472422138,-1.472422138,0,1
397,4,-0.417754833,-0.417754833,0,1
398,0,6.265368867,6.265368867,0,1
398,1,4.146258522,4.146258522,0,1
398,2,2.843559621,2.843559621,0,1
398,3,0.860927542,0.860927542,0,1
398,4,-1.471246695,-1.471246695,0,1
399,0,5.328429661,5.328429661,0,1
399,1,5.783707935,5.783707935,0,1
399,2,5.278501754,5.278501754,0,1
399,3,3.129711918,3.129711918,0,1
399,4,NA,1.27667662,1,1
400,0,4.968199915,4.968199915,0,1
400,1,3.208700098,3.208700098,0,1
400,2,0.94937578,0.94937578,0,1
400,3,0.642684143,0.642684143,0,1
400,4,-2.802611862,-2.802611862,0,1
401,0,6.977078176,6.977078176,0,1
401,1,3.490252683,3.490252683,0,1
401,2,1.36707937,1.36707937,0,1
401,3,0.07312555,0.07312555,0,1
401,4,-1.691392495,-1.691392495,0,1
402,0,6.68879162,6.68879162,0,1
402,1,4.772106137,4.772106137,0,1
402,2,3.45517723,3.45517723,0,1
402,3,3.164004622,3.164004622,0,1
402,4,1.558910779,1.558910779,0,1
403,0,6.310706834,6.310706834,0,1
403,1,4.655370956,4.655370956,0,1
403,2,NA,6.270354872,1,1
403,3,NA,2.565305592,1,1
403,4,NA,2.457989663,1,1
404,0,NA,7.376611946,1,1
404,1,4.492212209,4.492212209,0,1
404,2,2.239403376,2.239403376,0,1
404,3,1.838135364,1.838135364,0,1
404,4,-1.522745476,-1.522745476,0,1
405,0,5.824830237,5.824830237,0,1
405,1,3.664419152,3.664419152,0,1
405,2,NA,3.094554245,1,1
405,3,-0.108493059,-0.108493059,0,1
405,4,-3.461849283,-3.461849283,0,1
406,0,5.98005658,5.98005658,0,1
406,1,5.15688579,5.15688579,0,1
406,2,2.163052247,2.163052247,0,1
406,3,1.192815535,1.192815535,0,1
406,4,-1.618092647,-1.618092647,0,1
407,0,7.616476381,7.616476381,0,0
407,1,5.520301697,5.520301697,0,0
407,2,NA,8.496739313,1,0
407,3,NA,7.148340535,1,0
407,4,6.207506392,6.207506392,0,0
408,0,6.581951216,6.581951216,0,1
408,1,3.418793154,3.418793154,0,1
408,2,2.123667795,2.123667795,0,1
408,3,1.423749751,1.423749751,0,1
408,4,-2.059354444,-2.059354444,0,1
409,0,5.312517712,5.312517712,0,0
409,1,5.957951179,5.957951179,0,0
409,2,NA,5.147746344,1,0
409,3,3.430702819,3.430702819,0,0
409,4,NA,4.267087025,1,0
410,0,NA,7.504182432,1,1
410,1,2.834130105,2.834130105,0,1
410,2,1.7963799,1.7963799,0,1
410,3,-1.473578931,-1.473578931,0,1
410,4,-3.296973396,-3.296973396,0,1
411,0,7.458761531,7.458761531,0,1
411,1,NA,6.506634771,1,1
411,2,NA,4.922677952,1,1
411,3,2.698053501,2.698053501,0,1
411,4,NA,0.659443149,1,1
412,0,5.306845622,5.306845622,0,0
412,1,5.427261072,5.427261072,0,0
412,2,5.215119589,5.215119589,0,0
412,3,NA,4.844377422,1,0
412,4,4.128570934,4.128570934,0,0
413,0,NA,8.029351157,1,1
413,1,4.529560329,4.529560329,0,1
413,2,NA,4.156218362,1,1
413,3,2.1170145,2.1170145,0,1
413,4,1.911134614,1.911134614,0,1
414,0,6.324134669,6.324134669,0,1
414,1,NA,5.526234705,1,1
414,2,3.126294475,3.126294475,0,1
414,3,1.329154777,1.329154777,0,1
414,4,NA,0.872004627,1,1
415,0,6.828181086,6.828181086,0,0
415,1,5.22837931,5.22837931,0,0
415,2,5.232637496,5.232637496,0,0
415,3,4.621459937,4.621459937,0,0
415,4,3.654935803,3.654935803,0,0
416,0,5.707686812,5.707686812,0,0
416,1,5.028685327,5.028685327,0,0
416,2,5.206340929,5.206340929,0,0
416,3,NA,4.614694995,1,0
416,4,NA,4.646294117,1,0
417,0,4.658043473,4.658043473,0,1
417,1,5.349119898,5.349119898,0,1
417,2,3.588175775,3.588175775,0,1
417,3,2.326076185,2.326076185,0,1
417,4,3.23621127,3.23621127,0,1
418,0,6.507083527,6.507083527,0,1
418,1,4.258530128,4.258530128,0,1
418,2,2.767035843,2.767035843,0,1
418,3,0.476728497,0.476728497,0,1
418,4,-0.402169665,-0.402169665,0,1
419,0,7.03081899,7.03081899,0,1
419,1,3.737985983,3.737985983,0,1
419,2,2.70376509,2.70376509,0,1
419,3,-1.156185264,-1.156185264,0,1
419,4,-2.366489,-2.366489,0,1
420,0,5.970564385,5.970564385,0,1
420,1,6.365616721,6.365616721,0,1
420,2,4.712727368,4.712727368,0,1
420,3,1.303447976,1.303447976,0,1
420,4,1.686773299,1.686773299,0,1
421,0,6.531992953,6.531992953,0,0
421,1,4.744707217,4.744707217,0,0
421,2,4.335938032,4.335938032,0,0
421,3,4.157971921,4.157971921,0,0
421,4,1.63553999,1.63553999,0,0
422,0,6.35441638,6.35441638,0,1
422,1,5.237544933,5.237544933,0,1
422,2,4.496807117,4.496807117,0,1
422,3,3.760583439,3.760583439,0,1
422,4,2.883940546,2.883940546,0,1
423,0,6.351485532,6.351485532,0,1
423,1,5.354668284,5.354668284,0,1
423,2,4.296107069,4.296107069,0,1
423,3,3.515892805,3.515892805,0,1
423,4,3.967926377,3.967926377,0,1
424,0,6.779301382,6.779301382,0,1
424,1,4.328725069,4.328725069,0,1
424,2,NA,2.694174361,1,1
424,3,NA,0.13974588,1,1
424,4,NA,-0.84960217,1,1
425,0,5.949370595,5.949370595,0,1
425,1,NA,5.034074743,1,1
425,2,NA,3.404894019,1,1
425,3,1.774630371,1.774630371,0,1
425,4,NA,2.549456091,1,1
426,0,6.11627471,6.11627471,0,0
426,1,6.288338392,6.288338392,0,0
426,2,6.846621199,6.846621199,0,0
426,3,4.952798257,4.952798257,0,0
426,4,6.062759289,6.062759289,0,0
427,0,NA,8.496243864,1,0
427,1,6.992775604,6.992775604,0,0
427,2,NA,6.161408791,1,0
427,3,NA,5.147084878,1,0
427,4,4.192450493,4.192450493,0,0
428,0,NA,7.778585539,1,1
428,1,7.168871169,7.168871169,0,1
428,2,5.632060659,5.632060659,0,1
428,3,NA,5.605259448,1,1
428,4,NA,4.447509129,1,1
429,0,6.925532913,6.925532913,0,1
429,1,5.453489498,5.453489498,0,1
429,2,NA,6.574938475,1,1
429,3,2.63608677,2.63608677,0,1
429,4,2.538120793,2.538120793,0,1
430,0,4.933680045,4.933680045,0,0
430,1,3.911448899,3.911448899,0,0
430,2,3.63894525,3.63894525,0,0
430,3,1.075202573,1.075202573,0,0
430,4,-0.633423792,-0.633423792,0,0
431,0,5.596476818,5.596476818,0,0
431,1,6.220933562,6.220933562,0,0
431,2,3.663850262,3.663850262,0,0
431,3,2.279738961,2.279738961,0,0
431,4,1.496360324,1.496360324,0,0
432,0,NA,6.619762557,1,1
432,1,5.367945519,5.367945519,0,1
432,2,NA,3.38692568,1,1
432,3,NA,2.96926799,1,1
432,4,NA,0.767820579,1,1
433,0,7.669081468,7.669081468,0,0
433,1,5.130215774,5.130215774,0,0
433,2,6.298683754,6.298683754,0,0
433,3,2.992360749,2.992360749,0,0
433,4,3.111528468,3.111528468,0,0
434,0,6.946513839,6.946513839,0,1
434,1,4.1048968,4.1048968,0,1
434,2,3.984675711,3.984675711,0,1
434,3,2.369978671,2.369978671,0,1
434,4,1.359946929,1.359946929,0,1
435,0,6.559281889,6.559281889,0,1
435,1,4.630464555,4.630464555,0,1
435,2,3.233472467,3.233472467,0,1
435,3,1.793660998,1.793660998,0,1
435,4,-0.605207966,-0.605207966,0,1
436,0,NA,5.925909268,1,1
436,1,3.711910886,3.711910886,0,1
436,2,1.56359681,1.56359681,0,1
436,3,0.118507953,0.118507953,0,1
436,4,-2.681367274,-2.681367274,0,1
437,0,7.472284019,7.472284019,0,1
437,1,5.977668489,5.977668489,0,1
437,2,4.159710482,4.159710482,0,1
437,3,2.264272784,2.264272784,0,1
437,4,2.071139107,2.071139107,0,1
438,0,8.383470796,8.383470796,0,0
438,1,6.952126841,6.952126841,0,0
438,2,NA,7.047321944,1,0
438,3,7.051640922,7.051640922,0,0
438,4,7.511491077,7.511491077,0,0
439,0,5.742663301,5.742663301,0,1
439,1,6.083006337,6.083006337,0,1
439,2,NA,5.659796231,1,1
439,3,2.273843867,2.273843867,0,1
439,4,2.072108457,2.072108457,0,1
440,0,6.793959966,6.793959966,0,1
440,1,5.863945956,5.863945956,0,1
440,2,NA,5.606188556,1,1
440,3,5.012422128,5.012422128,0,1
440,4,NA,3.737104749,1,1
441,0,7.127297079,7.127297079,0,0
441,1,5.580901189,5.580901189,0,0
441,2,5.635057128,5.635057128,0,0
441,3,5.689499988,5.689499988,0,0
441,4,3.66328838,3.66328838,0,0
442,0,5.081942875,5.081942875,0,0
442,1,3.594909356,3.594909356,0,0
442,2,NA,4.152536419,1,0
442,3,3.34993892,3.34993892,0,0
442,4,1.075982358,1.075982358,0,0
443,0,5.930549006,5.930549006,0,1
443,1,5.127107583,5.127107583,0,1
443,2,4.208185814,4.208185814,0,1
443,3,3.557763308,3.557763308,0,1
443,4,0.654512715,0.654512715,0,1
444,0,NA,6.670300026,1,0
444,1,4.679635587,4.679635587,0,0
444,2,4.743076261,4.743076261,0,0
444,3,3.94517197,3.94517197,0,0
444,4,3.744879615,3.744879615,0,0
445,0,4.753589778,4.753589778,0,1
445,1,2.741685209,2.741685209,0,1
445,2,2.893667612,2.893667612,0,1
445,3,-0.899467523,-0.899467523,0,1
445,4,-3.094722455,-3.094722455,0,1
446,0,3.399749687,3.399749687,0,0
446,1,3.401632124,3.401632124,0,0
446,2,1.852491168,1.852491168,0,0
446,3,3.994000302,3.994000302,0,0
446,4,2.659173052,2.659173052,0,0
447,0,5.16233565,5.16233565,0,1
447,1,4.582273962,4.582273962,0,1
447,2,5.039777114,5.039777114,0,1
447,3,2.767043784,2.767043784,0,1
447,4,1.685423566,1.685423566,0,1
448,0,6.790603859,6.790603859,0,1
448,1,6.807247257,6.807247257,0,1
448,2,5.929394228,5.929394228,0,1
448,3,NA,4.256292894,1,1
448,4,3.100835676,3.100835676,0,1
449,0,6.601098986,6.601098986,0,0
449,1,6.203736657,6.203736657,0,0
449,2,6.860867932,6.860867932,0,0
449,3,NA,4.60562336,1,0
449,4,2.288261575,2.288261575,0,0
450,0,7.619691435,7.619691435,0,0
450,1,6.575187614,6.575187614,0,0
450,2,6.275360873,6.275360873,0,0
450,3,6.993728167,6.993728167,0,0
450,4,5.809096101,5.809096101,0,0
451,0,6.109422907,6.109422907,0,0
451,1,4.973469064,4.973469064,0,0
451,2,3.992601408,3.992601408,0,0
451,3,NA,5.084049823,1,0
451,4,NA,3.870983302,1,0
452,0,5.88183333,5.88183333,0,1
452,1,2.450161052,2.450161052,0,1
452,2,2.616328292,2.616328292,0,1
452,3,1.348035679,1.348035679,0,1
452,4,-1.178802573,-1.178802573,0,1
453,0,6.714023854,6.714023854,0,1
453,1,4.549303738,4.549303738,0,1
453,2,3.113964987,3.113964987,0,1
453,3,2.973057123,2.973057123,0,1
453,4,NA,2.704150757,1,1
454,0,6.72864639,6.72864639,0,0
454,1,6.400305496,6.400305496,0,0
454,2,4.835210489,4.835210489,0,0
454,3,NA,6.50824981,1,0
454,4,4.198614852,4.198614852,0,0
455,0,7.521139045,7.521139045,0,1
455,1,5.194875372,5.194875372,0,1
455,2,2.723711987,2.723711987,0,1
455,3,1.698251781,1.698251781,0,1
455,4,1.601604315,1.601604315,0,1
456,0,7.808398948,7.808398948,0,0
456,1,6.202838349,6.202838349,0,0
456,2,5.831635578,5.831635578,0,0
456,3,4.496737938,4.496737938,0,0
456,4,3.36857087,3.36857087,0,0
457,0,5.727480513,5.727480513,0,0
457,1,6.763555592,6.763555592,0,0
457,2,5.568651645,5.568651645,0,0
457,3,5.404223814,5.404223814,0,0
457,4,3.93033695,3.93033695,0,0
458,0,5.79888044,5.79888044,0,1
458,1,4.35779792,4.35779792,0,1
458,2,3.355555523,3.355555523,0,1
458,3,3.244837683,3.244837683,0,1
458,4,1.109123154,1.109123154,0,1
459,0,6.172960724,6.172960724,0,1
459,1,5.272909464,5.272909464,0,1
459,2,4.900948144,4.900948144,0,1
459,3,NA,5.43614255,1,1
459,4,1.8140938,1.8140938,0,1
460,0,6.906901057,6.906901057,0,1
460,1,6.219696024,6.219696024,0,1
460,2,5.867445308,5.867445308,0,1
460,3,4.913312834,4.913312834,0,1
460,4,2.774557749,2.774557749,0,1
461,0,8.913047426,8.913047426,0,1
461,1,NA,6.032555598,1,1
461,2,NA,3.885979119,1,1
461,3,NA,2.82474876,1,1
461,4,-0.208257135,-0.208257135,0,1
462,0,7.316279175,7.316279175,0,0
462,1,4.365637961,4.365637961,0,0
462,2,3.775590743,3.775590743,0,0
462,3,2.300991975,2.300991975,0,0
462,4,NA,2.196698699,1,0
463,0,5.763361544,5.763361544,0,1
463,1,4.285154879,4.285154879,0,1
463,2,3.56463204,3.56463204,0,1
463,3,0.209097761,0.209097761,0,1
463,4,0.301053218,0.301053218,0,1
464,0,6.669330602,6.669330602,0,0
464,1,7.402447878,7.402447878,0,0
464,2,6.576229491,6.576229491,0,0
464,3,4.665053741,4.665053741,0,0
464,4,3.639020458,3.639020458,0,0
465,0,7.430005978,7.430005978,0,1
465,1,NA,6.706978916,1,1
465,2,4.596879965,4.596879965,0,1
465,3,NA,5.751346693,1,1
465,4,3.421770894,3.421770894,0,1
466,0,5.484192844,5.484192844,0,1
466,1,3.54835335,3.54835335,0,1
466,2,2.534496748,2.534496748,0,1
466,3,0.597533295,0.597533295,0,1
466,4,-1.194299164,-1.194299164,0,1
467,0,5.363925219,5.363925219,0,0
467,1,6.257634391,6.257634391,0,0
467,2,4.188127371,4.188127371,0,0
467,3,5.632463956,5.632463956,0,0
467,4,3.7765724,3.7765724,0,0
468,0,6.069410026,6.069410026,0,1
468,1,4.605704122,4.605704122,0,1
468,2,4.372361132,4.372361132,0,1
468,3,3.111425698,3.111425698,0,1
468,4,1.642027341,1.642027341,0,1
469,0,4.554446734,4.554446734,0,0
469,1,4.574058292,4.574058292,0,0
469,2,3.503878065,3.503878065,0,0
469,3,4.390372397,4.390372397,0,0
469,4,2.592772558,2.592772558,0,0
470,0,7.476508542,7.476508542,0,1
470,1,5.341106899,5.341106899,0,1
470,2,NA,2.992176654,1,1
470,3,1.679338665,1.679338665,0,1
470,4,NA,-0.760626795,1,1
471,0,5.534848802,5.534848802,0,1
471,1,4.454298209,4.454298209,0,1
471,2,3.677181482,3.677181482,0,1
471,3,2.531108381,2.531108381,0,1
471,4,0.621052351,0.621052351,0,1
472,0,NA,7.123467116,1,1
472,1,5.591844031,5.591844031,0,1
472,2,NA,3.768110409,1,1
472,3,NA,4.336160003,1,1
472,4,NA,1.303058727,1,1
473,0,5.632784835,5.632784835,0,0
473,1,5.330169479,5.330169479,0,0
473,2,6.705933165,6.705933165,0,0
473,3,2.700708803,2.700708803,0,0
473,4,4.149630753,4.149630753,0,0
474,0,4.770802232,4.770802232,0,0
474,1,6.83186782,6.83186782,0,0
474,2,4.516845042,4.516845042,0,0
474,3,3.729441408,3.729441408,0,0
474,4,5.348449091,5.348449091,0,0
475,0,6.098388675,6.098388675,0,1
475,1,4.296491244,4.296491244,0,1
475,2,3.472744769,3.472744769,0,1
475,3,NA,2.307754957,1,1
475,4,0.470817271,0.470817271,0,1
476,0,6.828476417,6.828476417,0,1
476,1,4.542158592,4.542158592,0,1
476,2,NA,5.366845424,1,1
476,3,1.394446503,1.394446503,0,1
476,4,0.887994306,0.887994306,0,1
477,0,7.056862363,7.056862363,0,0
477,1,5.815930377,5.815930377,0,0
477,2,NA,6.937184743,1,0
477,3,NA,6.381196125,1,0
477,4,6.125954077,6.125954077,0,0
478,0,7.269806867,7.269806867,0,0
478,1,6.034627243,6.034627243,0,0
478,2,7.978568649,7.978568649,0,0
478,3,6.736030746,6.736030746,0,0
478,4,5.956508532,5.956508532,0,0
479,0,6.243645194,6.243645194,0,1
479,1,5.27362715,5.27362715,0,1
479,2,2.287018508,2.287018508,0,1
479,3,2.057578876,2.057578876,0,1
479,4,0.395525728,0.395525728,0,1
480,0,8.629284408,8.629284408,0,1
480,1,5.075834839,5.075834839,0,1
480,2,2.918015243,2.918015243,0,1
480,3,2.212669364,2.212669364,0,1
480,4,0.140605687,0.140605687,0,1
481,0,6.413815698,6.413815698,0,1
481,1,3.793381446,3.793381446,0,1
481,2,3.954720562,3.954720562,0,1
481,3,2.824338084,2.824338084,0,1
481,4,NA,2.448059386,1,1
482,0,7.185144901,7.185144901,0,1
482,1,NA,6.817671233,1,1
482,2,3.907065263,3.907065263,0,1
482,3,2.213269013,2.213269013,0,1
482,4,-0.267827541,-0.267827541,0,1
483,0,4.21224222,4.21224222,0,1
483,1,4.301158103,4.301158103,0,1
483,2,1.979618919,1.979618919,0,1
483,3,1.317656328,1.317656328,0,1
483,4,-1.316840136,-1.316840136,0,1
484,0,5.529941552,5.529941552,0,1
484,1,3.646250594,3.646250594,0,1
484,2,1.97951347,1.97951347,0,1
484,3,-0.544897831,-0.544897831,0,1
484,4,-4.494098381,-4.494098381,0,1
485,0,5.760685234,5.760685234,0,1
485,1,4.335836543,4.335836543,0,1
485,2,3.859383486,3.859383486,0,1
485,3,2.698247417,2.698247417,0,1
485,4,NA,1.927678444,1,1
486,0,5.528356703,5.528356703,0,0
486,1,6.002566409,6.002566409,0,0
486,2,5.422179554,5.422179554,0,0
486,3,4.644716851,4.644716851,0,0
486,4,4.720809171,4.720809171,0,0
487,0,6.852310452,6.852310452,0,1
487,1,6.114126936,6.114126936,0,1
487,2,3.458654845,3.458654845,0,1
487,3,1.471137631,1.471137631,0,1
487,4,0.948636527,0.948636527,0,1
488,0,6.223272741,6.223272741,0,0
488,1,6.515006036,6.515006036,0,0
488,2,7.160532167,7.160532167,0,0
488,3,8.275717108,8.275717108,0,0
488,4,8.041053178,8.041053178,0,0
489,0,NA,7.093234846,1,1
489,1,4.87160194,4.87160194,0,1
489,2,4.14677002,4.14677002,0,1
489,3,NA,1.832166253,1,1
489,4,0.900353719,0.900353719,0,1
490,0,NA,6.460387481,1,0
490,1,6.504427668,6.504427668,0,0
490,2,NA,5.93620368,1,0
490,3,4.809663656,4.809663656,0,0
490,4,3.836921205,3.836921205,0,0
491,0,4.603897292,4.603897292,0,0
491,1,5.000090264,5.000090264,0,0
491,2,5.452224919,5.452224919,0,0
491,3,5.672910311,5.672910311,0,0
491,4,5.659077061,5.659077061,0,0
492,0,7.712740225,7.712740225,0,0
492,1,4.655319769,4.655319769,0,0
492,2,4.850257657,4.850257657,0,0
492,3,1.029626495,1.029626495,0,0
492,4,3.375858081,3.375858081,0,0
493,0,6.678585414,6.678585414,0,0
493,1,7.665615791,7.665615791,0,0
493,2,6.350728426,6.350728426,0,0
493,3,6.092112159,6.092112159,0,0
493,4,NA,5.680267336,1,0
494,0,6.056775137,6.056775137,0,1
494,1,4.640998068,4.640998068,0,1
494,2,3.73630493,3.73630493,0,1
494,3,1.24338489,1.24338489,0,1
494,4,-1.633597657,-1.633597657,0,1
495,0,6.220896426,6.220896426,0,1
495,1,3.537583652,3.537583652,0,1
495,2,2.431844477,2.431844477,0,1
495,3,0.516687383,0.516687383,0,1
495,4,-1.442766354,-1.442766354,0,1
496,0,6.233215181,6.233215181,0,1
496,1,5.778360111,5.778360111,0,1
496,2,3.598074337,3.598074337,0,1
496,3,0.697376823,0.697376823,0,1
496,4,-0.823410547,-0.823410547,0,1
497,0,7.019311434,7.019311434,0,0
497,1,5.757390858,5.757390858,0,0
497,2,5.054190401,5.054190401,0,0
497,3,NA,5.418676492,1,0
497,4,NA,5.480960017,1,0
498,0,6.72644319,6.72644319,0,0
498,1,5.767074444,5.767074444,0,0
498,2,5.508584994,5.508584994,0,0
498,3,4.882730136,4.882730136,0,0
498,4,5.190216304,5.190216304,0,0
499,0,6.709158181,6.709158181,0,0
499,1,4.865973422,4.865973422,0,0
499,2,NA,5.335418369,1,0
499,3,3.507654127,3.507654127,0,0
499,4,NA,3.958032677,1,0
500,0,5.558872167,5.558872167,0,0
500,1,3.675948435,3.675948435,0,0
500,2,4.423993352,4.423993352,0,0
500,3,1.742339905,1.742339905,0,0
500,4,2.25540079,2.25540079,0,0